table_name,foreign_key_column,referenced_table,referenced_column
rl_antecedente_ciap,co_ciap,tb_ciap,co_seq_ciap
rl_antecedente_ciap,co_prontuario,tb_antecedente,co_prontuario
rl_atend_proced,co_proced,tb_proced,co_seq_proced
rl_atend_proced,co_cid10_principal,tb_cid10,co_cid10
rl_atend_proced,co_atend_prof,tb_atend_prof,co_seq_atend_prof
rl_atend_prof_ad_tipo_inelegvl,co_atend_prof_ad,tb_atend_prof_ad,co_atend_prof_ad
rl_atend_prof_ad_tipo_inelegvl,tp_ad_inelegivel,tb_ad_tipo_inelegivel,co_ad_tipo_inelegivel
rl_atend_prof_conduta,tp_cds_conduta,tb_cds_tipo_conduta,co_cds_tipo_conduta
rl_atend_prof_conduta,co_atend_prof,tb_atend_prof,co_seq_atend_prof
rl_atend_prof_odonto_tipo_encm,co_atend_prof_odonto,tb_atend_prof_odonto,co_atend_prof_odonto
rl_atend_prof_odonto_tipo_encm,tp_encam_odonto,tb_tipo_encam_odonto,co_tipo_encam_odonto
rl_atend_prof_odonto_tipo_frnc,tp_fornecimento_odonto,tb_tipo_fornec_odonto,co_tipo_fornec_odonto
rl_atend_prof_odonto_tipo_frnc,co_atend_prof_odonto,tb_atend_prof_odonto,co_atend_prof_odonto
rl_atend_prof_pic,co_atend_prof,tb_atend_prof,co_seq_atend_prof
rl_atend_prof_pic,co_cds_pic,tb_cds_pic,co_cds_pic
rl_atend_tipo_servico,co_atend,tb_atend,co_seq_atend
rl_atend_tipo_servico,tp_servico,tb_tipo_servico,co_seq_tipo_servico
rl_ator_papel_perfil,co_ator_papel,tb_ator_papel,co_seq_ator_papel
rl_ator_papel_perfil,co_perfil,tb_perfil,co_seq_perfil
rl_calendario_vacnl_grupo_alvo,co_calendario_vacinal,tb_calendario_vacinal,co_calendario_vacinal
rl_calendario_vacnl_grupo_alvo,co_sexo,tb_sexo,co_sexo
rl_calendario_vacnl_grupo_alvo,co_grupo_alvo_vacinacao,tb_grupo_alvo_vacinacao,co_grupo_alvo_vacinacao
rl_calendario_vacnl_grupo_alvo,co_faixa_etaria_vacinacao,tb_faixa_etaria_vacinacao,co_faixa_etaria_vacinacao
rl_cds_atend_dom_proced,co_proced,tb_proced,co_seq_proced
rl_cds_atend_dom_proced,co_cds_atend_domiciliar,tb_cds_atend_domiciliar,co_seq_cds_atend_domiciliar
rl_cds_atend_dom_situacao_pres,co_cds_situacao_presente,tb_cds_tipo_situacao_presente,co_cds_tipo_situacao_presente
rl_cds_atend_dom_situacao_pres,co_cds_atend_domiciliar,tb_cds_atend_domiciliar,co_seq_cds_atend_domiciliar
rl_cds_atend_individual_ciap,co_cds_atend_individual,tb_cds_atend_individual,co_seq_cds_atend_individual
rl_cds_atend_individual_ciap,co_ciap,tb_ciap,co_seq_ciap
rl_cds_atend_individual_condut,tp_cds_conduta,tb_cds_tipo_conduta,co_cds_tipo_conduta
rl_cds_atend_individual_condut,co_cds_atend_individual,tb_cds_atend_individual,co_seq_cds_atend_individual
rl_cds_atend_individual_exame,co_exame,tb_proced,co_seq_proced
rl_cds_atend_individual_exame,co_cds_atend_individual,tb_cds_atend_individual,co_seq_cds_atend_individual
rl_cds_atend_individual_nasf,co_cds_atend_individual,tb_cds_atend_individual,co_seq_cds_atend_individual
rl_cds_atend_individual_nasf,tp_cds_atend_nasf,tb_cds_tipo_atend_nasf,co_cds_tipo_atend_nasf
rl_cds_atend_odont_tip_vig_buc,co_cds_atend_odonto,tb_cds_atend_odonto,co_seq_cds_atend_odonto
rl_cds_atend_odont_tip_vig_buc,tp_cds_vig_saude_bucal,tb_cds_tipo_vig_saude_bucal,co_cds_tipo_vig_saude_bucal
rl_cds_atend_odonto_proced,co_cds_atend_odonto,tb_cds_atend_odonto,co_seq_cds_atend_odonto
rl_cds_atend_odonto_proced,co_proced,tb_proced,co_seq_proced
rl_cds_atend_odonto_tipo_cnslt,co_cds_atend_odonto,tb_cds_atend_odonto,co_seq_cds_atend_odonto
rl_cds_atend_odonto_tipo_cnslt,tp_consulta_odonto,tb_tipo_consulta_odonto,co_tipo_consulta_odonto
rl_cds_atend_odonto_tipo_encam,tp_encam_odonto,tb_tipo_encam_odonto,co_tipo_encam_odonto
rl_cds_atend_odonto_tipo_encam,co_cds_atend_odonto,tb_cds_atend_odonto,co_seq_cds_atend_odonto
rl_cds_atend_odonto_tipo_fornc,tp_fornecimento_odonto,tb_tipo_fornec_odonto,co_tipo_fornec_odonto
rl_cds_atend_odonto_tipo_fornc,co_cds_atend_odonto,tb_cds_atend_odonto,co_seq_cds_atend_odonto
rl_cds_aval_eleg_ad_tipo_inelg,co_cds_aval_elegibilidade,tb_cds_aval_elegibilidade,co_seq_cds_aval_elegibilidade
rl_cds_aval_eleg_ad_tipo_inelg,tp_ad_inelegivel,tb_ad_tipo_inelegivel,co_ad_tipo_inelegivel
rl_cds_aval_eleg_cds_situc_prs,tp_cds_situacao_presente,tb_cds_tipo_situacao_presente,co_cds_tipo_situacao_presente
rl_cds_aval_eleg_cds_situc_prs,co_cds_aval_elegibilidade,tb_cds_aval_elegibilidade,co_seq_cds_aval_elegibilidade
rl_cds_ficha_atend_indivdl_prf,co_cds_prof,tb_cds_prof,co_seq_cds_prof
rl_cds_ficha_atend_indivdl_prf,co_cds_ficha_atend_individual,tb_cds_ficha_atend_individual,co_seq_cds_ficha_atend_indivdl
rl_cds_ficha_atend_odonto_prof,co_cds_prof,tb_cds_prof,co_seq_cds_prof
rl_cds_ficha_atend_odonto_prof,co_cds_ficha_atend_odonto,tb_cds_ficha_atend_odonto,co_seq_cds_ficha_atend_odonto
rl_cds_ficha_ativ_col_pratica,co_cds_ativ_col_pratica,tb_cds_ativ_col_pratica,co_cds_ativ_col_pratica
rl_cds_ficha_ativ_col_pratica,co_cds_ficha_ativ_col,tb_cds_ficha_ativ_col,co_seq_cds_ficha_ativ_col
rl_cds_ficha_ativ_col_prof,co_cds_ficha_ativ_col,tb_cds_ficha_ativ_col,co_seq_cds_ficha_ativ_col
rl_cds_ficha_ativ_col_prof,co_cds_prof,tb_cds_prof,co_seq_cds_prof
rl_cds_ficha_ativ_col_pub_alvo,co_cds_ficha_ativ_col,tb_cds_ficha_ativ_col,co_seq_cds_ficha_ativ_col
rl_cds_ficha_ativ_col_pub_alvo,co_cds_ativ_col_publico_alvo,tb_cds_ativ_col_publico_alvo,co_cds_ativ_col_publico_alvo
rl_cds_ficha_ativ_col_tema,co_cds_ativ_col_tema,tb_cds_ativ_col_tema,co_cds_ativ_col_tema
rl_cds_ficha_ativ_col_tema,co_cds_ficha_ativ_col,tb_cds_ficha_ativ_col,co_seq_cds_ficha_ativ_col
rl_cds_proced_adm_medicamento,co_cds_proced,rl_proced_cds_proced,co_cds_proced
rl_cds_proced_adm_medicamento,co_proced,rl_proced_cds_proced,co_proced
rl_cds_proced_adm_medicamento,co_proced,rl_proced_cds_proced,co_cds_proced
rl_cds_proced_adm_medicamento,co_cds_proced,rl_proced_cds_proced,co_proced
rl_cds_proced_adm_medicamento,co_cds_adm_medicamento,tb_cds_adm_medicamento,co_cds_adm_medicamento
rl_cds_prontuario_unidade_saud,co_ator_papel,tb_unidade_saude,co_seq_unidade_saude
rl_cds_prontuario_unidade_saud,co_prontuario,tb_prontuario,co_seq_prontuario
rl_cds_visita_dom_motivo,co_cds_visita_dom_motivo,tb_cds_visita_dom_motivo,co_cds_visita_dom_motivo
rl_cds_visita_dom_motivo,co_cds_visita_domiciliar,tb_cds_visita_domiciliar,co_seq_cds_visita_domiciliar
rl_ciap_cid10,co_ciap,tb_ciap,co_seq_ciap
rl_ciap_cid10,co_cid10,tb_cid10,co_cid10
rl_evol_aval_tp_vig_saude_bucl,co_tipo_vig_saude_bucal,tb_cds_tipo_vig_saude_bucal,co_cds_tipo_vig_saude_bucal
rl_evol_aval_tp_vig_saude_bucl,co_evolucao_avaliacao,tb_evolucao_avaliacao,co_atend_prof
rl_evolucao_avaliacao_ciap_cid,co_ciap,tb_ciap,co_seq_ciap
rl_evolucao_avaliacao_ciap_cid,co_cid10,tb_cid10,co_cid10
rl_evolucao_avaliacao_ciap_cid,co_atend_prof,tb_atend_prof,co_seq_atend_prof
rl_evolucao_odonto_parte_bucal,co_evolucao_odonto,tb_evolucao_odonto,co_seq_evolucao_odonto
rl_evolucao_odonto_parte_bucal,co_parte_bucal,tb_parte_bucal,co_parte_bucal
rl_evolucao_odonto_proced,co_evolucao_odonto,tb_evolucao_odonto,co_seq_evolucao_odonto
rl_evolucao_odonto_proced,co_proced,tb_proced,co_seq_proced
rl_evolucao_plano_ciap,co_atend_prof,tb_atend_prof,co_seq_atend_prof
rl_evolucao_plano_ciap,co_proced,tb_proced,co_seq_proced
rl_evolucao_plano_ciap,co_ciap,tb_ciap,co_seq_ciap
rl_evolucao_subjetivo_ciap,co_ciap,tb_ciap,co_seq_ciap
rl_evolucao_subjetivo_ciap,co_atend_prof,tb_atend_prof,co_seq_atend_prof
rl_grupo_ativ_col_cidadao,co_grupo,tb_grupo_ativ_col,co_seq_grupo_ativ_col
rl_grupo_ativ_col_cidadao,co_cidadao,tb_cidadao_grupo_ativ_col,co_seq_cidadao_grupo
rl_grupo_ativ_col_prof,co_grupo,tb_grupo_ativ_col,co_seq_grupo_ativ_col
rl_grupo_ativ_col_prof,co_prof,tb_prof_grupo_ativ_col,co_seq_prof_grupo
rl_grupo_condicao_ciap_cid,co_grupo_condicao,tb_grupo_condicao_saude,co_seq_grupo_condicao_saude
rl_grupo_condicao_ciap_cid,co_ciap,tb_ciap,co_seq_ciap
rl_grupo_condicao_ciap_cid,co_cid10,tb_cid10,co_cid10
rl_historico_cabecalho,co_ficha_concatenada,tb_historico_cabecalho,co_seq_historico_cabecalho
rl_historico_cabecalho,co_ficha_origem_concatenacao,tb_historico_cabecalho,co_seq_historico_cabecalho
rl_perfil_cbo_padrao,co_cbo,tb_cbo,co_cbo
rl_proced_atributo_complem,co_proced,tb_proced,co_seq_proced
rl_proced_atributo_complem,co_atributo_complem,tb_atributo_complem,co_atributo_complem
rl_proced_cbo,co_cbo,tb_cbo,co_cbo
rl_proced_cbo,co_proced,tb_proced,co_seq_proced
rl_proced_cds_proced,co_proced,tb_proced,co_seq_proced
rl_proced_cds_proced,co_cds_proced,tb_cds_proced,co_seq_cds_proced
rl_proced_cid10,co_proced,tb_proced,co_seq_proced
rl_proced_cid10,co_cid10,tb_cid10,co_cid10
rl_proced_exame_detalhe,co_exame_detalhe,tb_exame_detalhe,co_seq_exame_detalhe
rl_proced_exame_detalhe,co_proced,tb_proced,co_seq_proced
rl_proced_grupo_exame,co_grupo_exame,tb_grupo_exame,co_seq_grupo_exame
rl_proced_grupo_exame,co_proced,tb_proced,co_seq_proced
rl_proced_tipo_registro,co_proced,tb_proced,co_seq_proced
rl_proced_tipo_registro,tp_registro,tb_tipo_registro,co_tipo_registro
rl_prof_municipio,co_localidade,tb_localidade,co_localidade
rl_prof_municipio,co_ator_papel,tb_prof,co_seq_prof
rl_qst_associacao_opcao_pergnt,co_qst_associacao_pergunta,tb_qst_associacao_pergunta,co_qst_associacao_pergunta
rl_qst_associacao_opcao_pergnt,co_qst_opcao_pergunta,tb_qst_opcao_pergunta,co_qst_opcao_pergunta
rl_qst_resposta_opcao_pergunta,co_qst_opcao_pergunta,tb_qst_opcao_pergunta,co_qst_opcao_pergunta
rl_qst_resposta_opcao_pergunta,co_qst_resposta,tb_qst_resposta,co_seq_qst_resposta
rl_recurso_acao,,,
rl_tipo_atend_proced_automatic,co_proced_automatico,tb_proced_automatico,co_seq_proced_automatico
rl_tipo_atend_proced_automatic,tp_atend,tb_tipo_atend,co_tipo_atend
rl_tipo_consulta_odnt_prc_auto,tp_consulta_odonto,tb_tipo_consulta_odonto,co_tipo_consulta_odonto
rl_tipo_consulta_odnt_prc_auto,co_proced_automatico,tb_proced_automatico,co_seq_proced_automatico
rl_tipo_encam_odonto_procd_aut,tp_encam_odonto,tb_tipo_encam_odonto,co_tipo_encam_odonto
rl_tipo_encam_odonto_procd_aut,co_proced_automatico,tb_proced_automatico,co_seq_proced_automatico
rl_unidade_saude_complexidade,co_ator_papel,tb_unidade_saude,co_seq_unidade_saude
rl_unidade_saude_complexidade,co_complexidade,tb_complexidade,co_complexidade
rl_unidade_saude_horus,co_unidade_saude_horus,tb_unidade_saude,co_seq_unidade_saude
rl_unidade_saude_horus,co_unidade_saude,tb_unidade_saude,co_seq_unidade_saude
rl_unidade_saude_tipo_servico,tp_servico,tb_tipo_servico,co_seq_tipo_servico
rl_unidade_saude_tipo_servico,co_ator_papel,tb_unidade_saude,co_seq_unidade_saude
rl_via_adm_local_apl_vacina,,,
ta_adm_geral,,,
ta_adm_municipal,,,
ta_ativacao_agendamento_online,,,
ta_ator_papel,,,
ta_ator_papel_perfil,,,
ta_cbo_atend,,,
ta_cfg_agenda,,,
ta_cfg_agenda_detalhe,,,
ta_cfg_agenda_municipal,,,
ta_cfg_agenda_online_detalhe,,,
ta_cfg_rnds,,,
ta_cidadao,,,
ta_cidadao_vinculacao_equipe,,,
ta_compartilhamento_prontuario,,,
ta_config_agenda_fechamento,,,
ta_config_atencao_domiciliar,,,
ta_config_atend_domiciliar,,,
ta_config_sistema,,,
ta_equipe,,,
ta_gestor_estadual,,,
ta_gestor_municipal,,,
ta_grupo_exame,,,
ta_imunobiologico_lote,,,
ta_integracao_horus,,,
ta_lotacao,,,
ta_nodo,,,
ta_perfil,,,
ta_perfil_recurso,,,
ta_proced_grupo_exame,,,
ta_prof,,,
ta_prof_municipio,,,
ta_servidor_smtp,,,
ta_tipo_servico,,,
ta_unidade_saude,,,
ta_unidade_saude_complexidade,,,
ta_unidade_saude_horus,,,
ta_unidade_saude_tipo_servico,,,
ta_usuario,,,
tb_ad_cidadao,co_cid10_causa_associada,tb_cid10,co_cid10
tb_ad_cidadao,co_prontuario,tb_prontuario,co_seq_prontuario
tb_ad_cidadao,co_ad_destino,tb_ad_destino,co_seq_ad_destino
tb_ad_cidadao,co_equipe,tb_equipe,co_seq_equipe
tb_ad_cidadao,co_ad_origem,tb_ad_origem,co_ad_origem
tb_ad_cidadao,co_ad_modalidade,tb_ad_modalidade,co_seq_ad_modalidade
tb_ad_cidadao,co_cid10_secundario_2,tb_cid10,co_cid10
tb_ad_cidadao,co_cid10_principal,tb_cid10,co_cid10
tb_ad_cidadao_historico,co_prof,tb_prof,co_seq_prof
tb_ad_cidadao_historico,co_lotacao,tb_lotacao,co_ator_papel
tb_ad_cidadao_historico,co_ad_modalidade,tb_ad_modalidade,co_seq_ad_modalidade
tb_ad_destino,,,
tb_ad_modalidade,,,
tb_ad_origem,,,
tb_ad_questao,co_ad_cidadao,tb_ad_cidadao,co_seq_ad_cidadao
tb_ad_resposta,co_atend_prof_ad,tb_atend_prof_ad,co_atend_prof_ad
tb_ad_sync_entity,,,
tb_ad_tipo_elegivel,,,
tb_ad_tipo_inelegivel,,,
tb_ad_transmissao_sessao,,,
tb_adm_geral,co_ator_papel,tb_ator_papel,co_seq_ator_papel
tb_adm_municipal,co_localidade,tb_localidade,co_localidade
tb_adm_municipal,co_ator_papel,tb_ator_papel,co_seq_ator_papel
tb_agendado,co_lotacao_criadora,tb_lotacao,co_ator_papel
tb_agendado,co_local_atend,tb_local_atend,co_local_atend
tb_agendado,st_agendado,tb_situacao_agendado,co_situacao_agendado
tb_agendado,co_origem,tb_origem,co_origem
tb_agendado,co_lotacao_agendada,tb_lotacao,co_ator_papel
tb_agendado,co_motivo_reserva,tb_motivo_reserva,co_motivo_reserva
tb_agendado,co_prontuario,tb_prontuario,co_seq_prontuario
tb_alergia,co_ultima_alergia_evolucao,tb_alergia_evolucao,co_seq_alergia_evolucao
tb_alergia,co_categoria_agente_causador,tb_categoria_agente_causador,co_categoria_agente_causador
tb_alergia,co_prontuario,tb_prontuario,co_seq_prontuario
tb_alergia_evolucao,co_criticidade_alergia,tb_criticidade_alergia,co_criticidade_alergia
tb_alergia_evolucao,co_atend_prof,tb_atend_prof,co_seq_atend_prof
tb_alim_bebida,,,
tb_antecedente,co_prontuario,tb_prontuario,co_seq_prontuario
tb_antecedente_historico,co_atend_prof,tb_atend_prof,co_seq_atend_prof
tb_antecedente_item,co_antecedente_historico,tb_antecedente_historico,co_seq_antecedente_historico
tb_antecedente_item,tp_antecedente_item,tb_antecedente_tipo_item,co_antecedente_tipo_item
tb_antecedente_tipo_item,,,
tb_aplicacao_medicamento,,,
tb_arcada,co_parte_bucal,tb_parte_bucal,co_parte_bucal
tb_atend,co_atend_prof,tb_atend_prof,co_seq_atend_prof
tb_atend,co_agendado,tb_agendado,co_seq_agendado
tb_atend,co_unidade_saude,tb_unidade_saude,co_seq_unidade_saude
tb_atend,co_equipe,tb_equipe,co_seq_equipe
tb_atend,tp_local_atend,tb_local_atend,co_local_atend
tb_atend,st_atend,tb_status_atend,co_status_atend
tb_atend,co_lotacao,tb_lotacao,co_ator_papel
tb_atend,co_prontuario,tb_prontuario,co_seq_prontuario
tb_atend,co_classificacao_risco,tb_classificacao_risco,co_classificacao_risco
tb_atend_prof,tp_atend_prof,tb_tipo_atend_prof,co_tipo_atend_prof
tb_atend_prof,co_atend,tb_atend,co_seq_atend
tb_atend_prof,co_classificacao_risco,tb_classificacao_risco,co_classificacao_risco
tb_atend_prof,co_lotacao_atend_compartilhado,tb_lotacao,co_ator_papel
tb_atend_prof,co_conselho_classe,tb_conselho_classe,co_conselho_classe
tb_atend_prof,co_atend_prof_tipo_encam_intrn,tb_atend_prof_tipo_encam_intrn,co_seq_atend_prof_tipo_enc_int
tb_atend_prof,co_lotacao,tb_lotacao,co_ator_papel
tb_atend_prof,tp_atend,tb_tipo_atend,co_tipo_atend
tb_atend_prof,co_uf_emissora_conselho_classe,tb_uf,co_uf
tb_atend_prof,co_racionalidade_saude,tb_racionalidade_saude,co_racionalidade_saude
tb_atend_prof,st_atend_prof,tb_status_atend_prof,co_status_atend_prof
tb_atend_prof_ad,co_ad_origem,tb_ad_origem,co_ad_origem
tb_atend_prof_ad,co_ad_modalidade,tb_ad_modalidade,co_seq_ad_modalidade
tb_atend_prof_ad,co_cid10_secundario_2,tb_cid10,co_cid10
tb_atend_prof_ad,co_cid10_secundario_1,tb_cid10,co_cid10
tb_atend_prof_ad,co_cid10_principal,tb_cid10,co_cid10
tb_atend_prof_ad,co_ad_destino,tb_ad_destino,co_seq_ad_destino
tb_atend_prof_ad,tp_cds_cuidador,tb_cds_tipo_cuidador,co_cds_tipo_cuidador
tb_atend_prof_ad,co_atend_prof_ad,tb_atend_prof,co_seq_atend_prof
tb_atend_prof_ad,co_ad_tipo_elegivel,tb_ad_tipo_elegivel,co_ad_tipo_elegivel
tb_atend_prof_ad_qst,co_atend_prof_ad,tb_atend_prof_ad,co_atend_prof_ad
tb_atend_prof_odonto,co_atend_prof_odonto,tb_atend_prof,co_seq_atend_prof
tb_atend_prof_odonto,tp_consulta_odonto,tb_tipo_consulta_odonto,co_tipo_consulta_odonto
tb_atend_prof_pre_natal,tp_edema,tb_tipo_edema,co_tipo_edema
tb_atend_prof_pre_natal,co_atend_prof_pre_natal,tb_atend_prof,co_seq_atend_prof
tb_atend_prof_puericultura,co_atend_prof_puericultura,tb_atend_prof,co_seq_atend_prof
tb_atend_prof_tipo_encam_intrn,co_atend,tb_atend,co_seq_atend
tb_atend_prof_tipo_encam_intrn,tp_encam_interno,tb_tipo_encam_interno,co_tipo_encam_interno
tb_atend_prof_tipo_encam_intrn,co_agendado,tb_agendado,co_seq_agendado
tb_atend_prof_tipo_encam_intrn,co_lotacao,tb_lotacao,co_ator_papel
tb_atestado,co_prontuario,tb_prontuario,co_seq_prontuario
tb_atestado,co_atend_prof,tb_atend_prof,co_seq_atend_prof
tb_ativ_col_grupo,co_grupo,tb_grupo_ativ_col,co_seq_grupo_ativ_col
tb_ativacao_agendamento_online,co_prof,tb_prof,co_seq_prof
tb_ator,,,
tb_ator_papel,co_prof,tb_prof,co_seq_prof
tb_atributo_complem,,,
tb_auditoria_evento,,,
tb_auditoria_processo,co_usuario,tb_usuario,co_seq_usuario
tb_bairro,co_localidade,tb_localidade,co_localidade
tb_calendario_vacinal,co_dose_imunobiologico,tb_dose_imunobiologico,co_dose_imunobiologico
tb_calendario_vacinal,co_imunobiologico,tb_imunobiologico,co_imunobiologico
tb_categoria_agente_causador,,,
tb_cbo,,,
tb_cbo_atend,co_localidade,tb_localidade,co_localidade
tb_cbo_atend,co_cbo,tb_cbo,co_cbo
tb_cds_adm_medicamento,,,
tb_cds_aleitamento_materno,,,
tb_cds_atend_domiciliar,co_ad_destino_v20,tb_ad_destino,co_seq_ad_destino
tb_cds_atend_domiciliar,co_sexo,tb_sexo,co_sexo
tb_cds_atend_domiciliar,tp_atend_v20,tb_tipo_atend,co_tipo_atend
tb_cds_atend_domiciliar,tp_atend,tb_tipo_atend,co_tipo_atend
tb_cds_atend_domiciliar,co_ad_destino,tb_ad_destino,co_seq_ad_destino
tb_cds_atend_domiciliar,co_cds_turno,tb_cds_turno,co_cds_turno
tb_cds_atend_domiciliar,co_ad_modalidade,tb_ad_modalidade,co_seq_ad_modalidade
tb_cds_atend_domiciliar,co_ciap,tb_ciap,co_seq_ciap
tb_cds_atend_domiciliar,co_local_atend,tb_local_atend,co_local_atend
tb_cds_atend_domiciliar,co_cds_ficha_atend_domiciliar,tb_cds_ficha_atend_domiciliar,co_seq_cds_ficha_atend_dom
tb_cds_atend_domiciliar,co_cid10,tb_cid10,co_cid10
tb_cds_atend_individual,co_cds_pic,tb_cds_pic,co_cds_pic
tb_cds_atend_individual,co_ad_modalidade,tb_ad_modalidade,co_seq_ad_modalidade
tb_cds_atend_individual,co_cds_aleitamento_materno,tb_cds_aleitamento_materno,co_cds_aleitamento_materno
tb_cds_atend_individual,co_cds_ficha_atend_individual,tb_cds_ficha_atend_individual,co_seq_cds_ficha_atend_indivdl
tb_cds_atend_individual,co_cds_turno,tb_cds_turno,co_cds_turno
tb_cds_atend_individual,co_cid10_2,tb_cid10,co_cid10
tb_cds_atend_individual,co_cid10,tb_cid10,co_cid10
tb_cds_atend_individual,co_local_atend,tb_local_atend,co_local_atend
tb_cds_atend_individual,co_prontuario,tb_prontuario,co_seq_prontuario
tb_cds_atend_individual,co_racionalidade_saude,tb_racionalidade_saude,co_racionalidade_saude
tb_cds_atend_individual,co_sexo,tb_sexo,co_sexo
tb_cds_atend_individual,tp_atend,tb_tipo_atend,co_tipo_atend
tb_cds_atend_odonto,co_cds_turno,tb_cds_turno,co_cds_turno
tb_cds_atend_odonto,co_local_atend,tb_local_atend,co_local_atend
tb_cds_atend_odonto,co_cds_ficha_atend_odonto,tb_cds_ficha_atend_odonto,co_seq_cds_ficha_atend_odonto
tb_cds_atend_odonto,co_sexo,tb_sexo,co_sexo
tb_cds_atend_odonto,tp_atend,tb_tipo_atend,co_tipo_atend
tb_cds_ativ_col_participante,co_cds_ficha_ativ_col,tb_cds_ficha_ativ_col,co_seq_cds_ficha_ativ_col
tb_cds_ativ_col_participante,co_sexo,tb_sexo,co_sexo
tb_cds_ativ_col_pratica,,,
tb_cds_ativ_col_publico_alvo,,,
tb_cds_ativ_col_tema,,,
tb_cds_aval_elegibilidade,co_cid10_segundo,tb_cid10,co_cid10
tb_cds_aval_elegibilidade,co_cid10_principal,tb_cid10,co_cid10
tb_cds_aval_elegibilidade,co_cds_prof_at_compartilhado,tb_cds_prof,co_seq_cds_prof
tb_cds_aval_elegibilidade,tp_logradouro,tb_tipo_logradouro,co_tipo_logradouro
tb_cds_aval_elegibilidade,tp_ad_elegivel,tb_ad_tipo_elegivel,co_ad_tipo_elegivel
tb_cds_aval_elegibilidade,co_sexo,tb_sexo,co_sexo
tb_cds_aval_elegibilidade,co_localidade_origem,tb_localidade,co_localidade
tb_cds_aval_elegibilidade,co_localidade_cidadao,tb_localidade,co_localidade
tb_cds_aval_elegibilidade,co_uf,tb_uf,co_uf
tb_cds_aval_elegibilidade,co_cds_turno,tb_cds_turno,co_cds_turno
tb_cds_aval_elegibilidade,co_pais,tb_pais,co_pais
tb_cds_aval_elegibilidade,co_ad_origem,tb_ad_origem,co_ad_origem
tb_cds_aval_elegibilidade,co_raca_cor,tb_raca_cor,co_raca_cor
tb_cds_aval_elegibilidade,co_localidade_cidadao_nasc,tb_localidade,co_localidade
tb_cds_aval_elegibilidade,co_etnia,tb_etnia,co_etnia
tb_cds_aval_elegibilidade,co_ad_modalidade,tb_ad_modalidade,co_seq_ad_modalidade
tb_cds_aval_elegibilidade,co_ad_procedencia,tb_ad_origem,co_ad_origem
tb_cds_aval_elegibilidade,co_cds_prof_cadastrante,tb_cds_prof,co_seq_cds_prof
tb_cds_aval_elegibilidade,co_nacionalidade,tb_nacionalidade,co_nacionalidade
tb_cds_aval_elegibilidade,tp_cds_cuidador,tb_cds_tipo_cuidador,co_cds_tipo_cuidador
tb_cds_aval_elegibilidade,co_cid10_terceiro,tb_cid10,co_cid10
tb_cds_cad_domiciliar,tp_logradouro,tb_tipo_logradouro,co_tipo_logradouro
tb_cds_cad_domiciliar,co_cds_prof_cadastrante,tb_cds_prof,co_seq_cds_prof
tb_cds_cad_domiciliar,co_localidade_origem,tb_localidade,co_localidade
tb_cds_cad_domiciliar,co_uf,tb_uf,co_uf
tb_cds_cad_domiciliar,co_municipio,tb_localidade,co_localidade
tb_cds_cad_domiciliar,tp_cds_imovel,tb_cds_tipo_imovel,co_cds_tipo_imovel
tb_cds_cad_individual,co_etnia,tb_etnia,co_etnia
tb_cds_cad_individual,co_unidade_saude,tb_unidade_saude,co_seq_unidade_saude
tb_cds_cad_individual,co_nacionalidade,tb_nacionalidade,co_nacionalidade
tb_cds_cad_individual,co_localidade_origem,tb_localidade,co_localidade
tb_cds_cad_individual,co_cbo,tb_cbo,co_cbo
tb_cds_cad_individual,co_sexo,tb_sexo,co_sexo
tb_cds_cad_individual,co_municipio,tb_localidade,co_localidade
tb_cds_cad_individual,co_cds_prof_cadastrante,tb_cds_prof,co_seq_cds_prof
tb_cds_cad_individual,co_raca_cor,tb_raca_cor,co_raca_cor
tb_cds_cad_individual,co_pais,tb_pais,co_pais
tb_cds_cidadao_resposta,co_pergunta_detalhe,tb_pergunta_detalhe,co_pergunta_detalhe
tb_cds_cidadao_resposta,co_pergunta,tb_pergunta,co_seq_pergunta
tb_cds_cidadao_resposta,co_cds_cad_individual,tb_cds_cad_individual,co_seq_cds_cad_individual
tb_cds_domicilio,co_municipio,tb_localidade,co_localidade
tb_cds_domicilio,tp_cds_imovel,tb_cds_tipo_imovel,co_cds_tipo_imovel
tb_cds_domicilio,tp_logradouro,tb_tipo_logradouro,co_tipo_logradouro
tb_cds_domicilio,co_uf,tb_uf,co_uf
tb_cds_domicilio_familia,co_cds_cad_domiciliar,tb_cds_cad_domiciliar,co_seq_cds_cad_domiciliar
tb_cds_domicilio_familia,co_renda_familiar,tb_renda_familiar,co_renda_familiar
tb_cds_domicilio_resposta,co_pergunta,tb_pergunta,co_seq_pergunta
tb_cds_domicilio_resposta,co_pergunta_detalhe,tb_pergunta_detalhe,co_pergunta_detalhe
tb_cds_domicilio_resposta,co_cds_cad_domiciliar,tb_cds_cad_domiciliar,co_seq_cds_cad_domiciliar
tb_cds_ficha_atend_domiciliar,co_cds_prof_principal,tb_cds_prof,co_seq_cds_prof
tb_cds_ficha_atend_domiciliar,co_cds_prof_atend_comp,tb_cds_prof,co_seq_cds_prof
tb_cds_ficha_atend_domiciliar,co_localidade_origem,tb_localidade,co_localidade
tb_cds_ficha_atend_individual,co_cds_prof,tb_cds_prof,co_seq_cds_prof
tb_cds_ficha_atend_individual,co_localidade_origem,tb_localidade,co_localidade
tb_cds_ficha_atend_odonto,co_localidade_origem,tb_localidade,co_localidade
tb_cds_ficha_atend_odonto,co_cds_prof,tb_cds_prof,co_seq_cds_prof
tb_cds_ficha_ativ_col,co_localidade_origem,tb_localidade,co_localidade
tb_cds_ficha_ativ_col,tp_cds_ativ_col,tb_cds_tipo_ativ_col,co_cds_tipo_ativ_col
tb_cds_ficha_ativ_col,co_cds_turno,tb_cds_turno,co_cds_turno
tb_cds_ficha_ativ_col,co_cds_prof_responsavel,tb_cds_prof,co_seq_cds_prof
tb_cds_ficha_ativ_col,co_proced_sigtap,tb_proced,co_seq_proced
tb_cds_ficha_consumo_alimentar,co_local_atend,tb_local_atend,co_local_atend
tb_cds_ficha_consumo_alimentar,co_cds_prof,tb_cds_prof,co_seq_cds_prof
tb_cds_ficha_consumo_alimentar,co_sexo,tb_sexo,co_sexo
tb_cds_ficha_consumo_alimentar,co_qst_questionario_respondido,tb_qst_questionario_respondido,co_seq_qst_qst_respondido
tb_cds_ficha_consumo_alimentar,co_localidade_origem,tb_localidade,co_localidade
tb_cds_ficha_proced,co_localidade_origem,tb_localidade,co_localidade
tb_cds_ficha_proced,co_cds_prof,tb_cds_prof,co_seq_cds_prof
tb_cds_ficha_vacinacao,co_cds_prof,tb_cds_prof,co_seq_cds_prof
tb_cds_ficha_vacinacao,tp_cds_origem,tb_cds_tipo_origem,co_cds_tipo_origem
tb_cds_ficha_vacinacao,co_localidade_origem,tb_localidade,co_localidade
tb_cds_ficha_visita_domiciliar,co_cds_prof,tb_cds_prof,co_seq_cds_prof
tb_cds_ficha_visita_domiciliar,co_localidade_origem,tb_localidade,co_localidade
tb_cds_ficha_zika_microcefalia,co_teste_olhinho,tb_ficha_zika_tipo_exame,co_ficha_zika_tipo_exame
tb_cds_ficha_zika_microcefalia,co_exame_fundo_olho,tb_ficha_zika_tipo_exame,co_ficha_zika_tipo_exame
tb_cds_ficha_zika_microcefalia,co_us_transfontanela,tb_ficha_zika_tipo_exame,co_ficha_zika_tipo_exame
tb_cds_ficha_zika_microcefalia,co_exame_orelhinha,tb_ficha_zika_tipo_exame,co_ficha_zika_tipo_exame
tb_cds_ficha_zika_microcefalia,co_ressonancia_magnetica,tb_ficha_zika_tipo_exame,co_ficha_zika_tipo_exame
tb_cds_ficha_zika_microcefalia,co_cds_prof,tb_cds_prof,co_seq_cds_prof
tb_cds_ficha_zika_microcefalia,co_localidade_origem,tb_localidade,co_localidade
tb_cds_ficha_zika_microcefalia,co_tomografia_computadorizada,tb_ficha_zika_tipo_exame,co_ficha_zika_tipo_exame
tb_cds_ficha_zika_microcefalia,co_cds_turno,tb_cds_turno,co_cds_turno
tb_cds_pic,,,
tb_cds_proced,co_cds_turno,tb_cds_turno,co_cds_turno
tb_cds_proced,co_sexo,tb_sexo,co_sexo
tb_cds_proced,co_local_atend,tb_local_atend,co_local_atend
tb_cds_proced,co_cds_ficha_proced,tb_cds_ficha_proced,co_seq_cds_ficha_proced
tb_cds_prof,,,
tb_cds_tipo_atend_nasf,,,
tb_cds_tipo_ativ_col,,,
tb_cds_tipo_conduta,,,
tb_cds_tipo_cuidador,,,
tb_cds_tipo_imovel,,,
tb_cds_tipo_origem,,,
tb_cds_tipo_situacao_presente,,,
tb_cds_tipo_vig_saude_bucal,,,
tb_cds_turno,,,
tb_cds_vacina,co_estrategia_vacinacao,tb_estrategia_vacinacao,co_estrategia_vacinacao
tb_cds_vacina,co_cds_vacinacao,tb_cds_vacinacao,co_seq_cds_vacinacao
tb_cds_vacina,co_dose_imunobiologico,tb_dose_imunobiologico,co_dose_imunobiologico
tb_cds_vacina,co_imunobiologico,tb_imunobiologico,co_imunobiologico
tb_cds_vacinacao,co_local_atend,tb_local_atend,co_local_atend
tb_cds_vacinacao,co_cds_ficha_vacinacao,tb_cds_ficha_vacinacao,co_seq_cds_ficha_vacinacao
tb_cds_vacinacao,co_cds_turno,tb_cds_turno,co_cds_turno
tb_cds_vacinacao,co_sexo,tb_sexo,co_sexo
tb_cds_visita_dom_desfecho,,,
tb_cds_visita_dom_motivo,,,
tb_cds_visita_domiciliar,co_cds_visita_dom_desfecho,tb_cds_visita_dom_desfecho,co_cds_visita_dom_desfecho
tb_cds_visita_domiciliar,tp_cds_imovel,tb_cds_tipo_imovel,co_cds_tipo_imovel
tb_cds_visita_domiciliar,co_sexo,tb_sexo,co_sexo
tb_cds_visita_domiciliar,co_cds_turno,tb_cds_turno,co_cds_turno
tb_cds_visita_domiciliar,tp_glicemia,tb_tipo_glicemia,co_tipo_glicemia
tb_cds_visita_domiciliar,co_cds_ficha_visita_domiciliar,tb_cds_ficha_visita_domiciliar,co_seq_cds_ficha_visita_dom
tb_cfg_agenda,,,
tb_cfg_agenda_detalhe,co_dia_semana,tb_dia_semana,co_dia_semana
tb_cfg_agenda_detalhe,co_cfg_agenda,tb_cfg_agenda,co_seq_config_agenda
tb_cfg_agenda_detalhe,co_periodo,tb_periodo,co_periodo
tb_cfg_agenda_municipal,co_localidade,tb_localidade,co_localidade
tb_cfg_agenda_online_detalhe,co_lotacao,tb_lotacao,co_ator_papel
tb_cfg_agenda_online_detalhe,co_dia_semana,tb_dia_semana,co_dia_semana
tb_cfg_rnds,co_ator_papel,tb_adm_municipal,co_ator_papel
tb_cfg_rnds,co_localidade,tb_localidade,co_localidade
tb_ciap,,,
tb_ciap_capitulo,,,
tb_ciap_componente,,,
tb_ciap_dab,co_ciap,tb_ciap,co_seq_ciap
tb_ciap_ms,co_ciap_capitulo,tb_ciap_capitulo,co_seq_ciap_capitulo
tb_ciap_ms,co_ciap,tb_ciap,co_seq_ciap
tb_ciap_ms,tp_ciap,tb_tipo_ciap,co_tipo_ciap
tb_ciap_ms,co_ciap_componente,tb_ciap_componente,co_ciap_componente
tb_cid10,tp_agravo,tb_tipo_agravo,co_tipo_agravo
tb_cidadao,co_etnia,tb_etnia,co_etnia
tb_cidadao,co_estado_civil,tb_estado_civil,co_estado_civil
tb_cidadao,co_escolaridade,tb_escolaridade,co_escolaridade
tb_cidadao,tp_logradouro,tb_tipo_logradouro,co_tipo_logradouro
tb_cidadao,co_raca_cor,tb_raca_cor,co_raca_cor
tb_cidadao,co_uf,tb_uf,co_uf
tb_cidadao,co_localidade,tb_localidade,co_localidade
tb_cidadao,co_localidade_endereco,tb_localidade,co_localidade
tb_cidadao,co_cbo,tb_cbo,co_cbo
tb_cidadao,tp_cds_cuidador,tb_cds_tipo_cuidador,co_cds_tipo_cuidador
tb_cidadao,co_nacionalidade,tb_nacionalidade,co_nacionalidade
tb_cidadao,co_pais_nascimento,tb_pais,co_pais
tb_cidadao,co_pais_exterior,tb_pais,co_pais
tb_cidadao_grupo,co_cidadao_unificado,tb_cidadao,co_seq_cidadao
tb_cidadao_grupo,co_cidadao,tb_cidadao,co_seq_cidadao
tb_cidadao_grupo,co_cidadao_master,tb_cidadao,co_seq_cidadao
tb_cidadao_grupo_ativ_col,,,
tb_cidadao_nucleo_familiar,co_cidadao,tb_cidadao,co_seq_cidadao
tb_cidadao_vinculacao_equipe,co_prof_cadastrante_cds,tb_cds_prof,co_seq_cds_prof
tb_cidadao_vinculacao_equipe,co_cidadao,tb_cidadao,co_seq_cidadao
tb_cidadao_vinculacao_equipe,co_lotacao_cadastrante_pec,tb_lotacao,co_ator_papel
tb_cidadao_vinculacao_equipe,tp_cds_origem,tb_cds_tipo_origem,co_cds_tipo_origem
tb_classe_imunobiologico,,,
tb_classificacao_risco,,,
tb_classificacao_risco_encam,,,
tb_compartilhamento_prontuario,co_localidade,tb_localidade,co_localidade
tb_compartilhamento_prontuario,co_usuario,tb_usuario,co_seq_usuario
tb_complexidade,,,
tb_config_agenda_fechamento,co_lotacao,tb_lotacao,co_ator_papel
tb_config_atencao_domiciliar,co_localidade,tb_localidade,co_localidade
tb_config_atend_domiciliar,co_equipe_filho,tb_equipe,co_seq_equipe
tb_config_atend_domiciliar,co_config_atencao_domiciliar,tb_config_atencao_domiciliar,co_seq_config_atencao_domicilr
tb_config_atend_domiciliar,co_equipe_pai,tb_equipe,co_seq_equipe
tb_config_sistema,,,
tb_conselho_classe,,,
tb_contexto_pergunta,,,
tb_criticidade_alergia,,,
tb_cronicidade,,,
tb_dado_recebido_competencia,,,
tb_dado_recebido_info_instalac,,,
tb_dado_rel_processamento,co_dim_tempo_final,tb_dim_tempo,co_seq_dim_tempo
tb_dado_rel_processamento,co_ator_papel,tb_ator_papel,co_seq_ator_papel
tb_dado_rel_processamento,co_dim_tempo_inicio,tb_dim_tempo,co_seq_dim_tempo
tb_dado_transp,co_dado_recebido_competencia,tb_dado_recebido_competencia,co_seq_dado_recebido_competenc
tb_dado_transp,tp_origem_dado_transp,tb_tipo_origem_dado_transp,co_seq_tipo_origem_dado_transp
tb_dado_transp_recebido,co_dado_transp,tb_dado_transp,co_seq_dado_transp
tb_dado_transp_recebido,co_info_instal_originadora,tb_dado_recebido_info_instalac,co_seq_dado_recebido_info_inst
tb_dado_transp_recebido,co_info_instal_remetente,tb_dado_recebido_info_instalac,co_seq_dado_recebido_info_inst
tb_dado_transp_recebido,st_dado_recebido,tb_situacao_dado_recebido,co_situacao_dado_recebido
tb_dado_transp_recebido_online,co_recebimento_item,tb_recebimento_item,co_seq_receb_item
tb_dado_transp_recebido_online,tp_dado_transp,tb_tipo_dado_transp,co_tipo_dado_transp
tb_dado_transp_recebido_online,tp_origem_dado_transp,tb_tipo_origem_dado_transp,co_seq_tipo_origem_dado_transp
tb_dente,co_parte_bucal,tb_parte_bucal,co_parte_bucal
tb_dente,co_sextante,tb_sextante,co_parte_bucal
tb_dia_semana,,,
tb_dim_agrupador_filtro,,,
tb_dim_aleitamento,,,
tb_dim_catmat,co_dim_forma_farmaceutica,tb_dim_forma_farmaceutica,co_seq_dim_forma_farmaceutica
tb_dim_cbo,,,
tb_dim_ciap,,,
tb_dim_cid,,,
tb_dim_cidadao_pec_grupo,co_fat_cidadao_pec,tb_fat_cidadao_pec,co_seq_fat_cidadao_pec
tb_dim_classificacao_risc_enc,,,
tb_dim_conduta_ad,,,
tb_dim_cuidador,,,
tb_dim_desfecho_visita,,,
tb_dim_dose_frequencia,,,
tb_dim_dose_frequencia_medida,,,
tb_dim_dose_imunobiologico,,,
tb_dim_duracao_tratamento_med,,,
tb_dim_equipe,,,
tb_dim_especialidade,,,
tb_dim_estrategia_vacinacao,,,
tb_dim_etnia,,,
tb_dim_faixa_etaria,,,
tb_dim_forma_farmaceutica,,,
tb_dim_frequencia_alimentacao,,,
tb_dim_grupo_cbo,co_dim_cbo,tb_dim_cbo,co_seq_dim_cbo
tb_dim_identidade_genero,,,
tb_dim_imunobiologico,,,
tb_dim_inep,,,
tb_dim_local_atendimento,,,
tb_dim_modalidade_ad,,,
tb_dim_municipio,co_dim_uf,tb_dim_uf,co_seq_dim_uf
tb_dim_nacionalidade,,,
tb_dim_pais,,,
tb_dim_pic,,,
tb_dim_procedencia_origem,,,
tb_dim_procedimento,co_pai,tb_dim_procedimento,co_seq_dim_procedimento
tb_dim_profissional,,,
tb_dim_raca_cor,,,
tb_dim_racionalidade_saude,,,
tb_dim_sexo,,,
tb_dim_situacao_trabalho,,,
tb_dim_tempo,,,
tb_dim_tempo_morador_rua,,,
tb_dim_tipo_abastecimento_agua,,,
tb_dim_tipo_acesso_domicilio,,,
tb_dim_tipo_atendimento,co_dim_tipo_atendimento_pai,tb_dim_tipo_atendimento,co_seq_dim_tipo_atendimento
tb_dim_tipo_atividade,,,
tb_dim_tipo_condicao_peso,,,
tb_dim_tipo_consulta_odonto,,,
tb_dim_tipo_destino_lixo,,,
tb_dim_tipo_domicilio,,,
tb_dim_tipo_elegibilidade,,,
tb_dim_tipo_escoamento_sanitar,,,
tb_dim_tipo_escolaridade,,,
tb_dim_tipo_ficha,,,
tb_dim_tipo_glicemia,,,
tb_dim_tipo_imovel,,,
tb_dim_tipo_localizacao,,,
tb_dim_tipo_logradouro,,,
tb_dim_tipo_material_parede,,,
tb_dim_tipo_orientacao_sexual,,,
tb_dim_tipo_origem,,,
tb_dim_tipo_origem_dado_transp,,,
tb_dim_tipo_parentesco,,,
tb_dim_tipo_posse_terra,,,
tb_dim_tipo_renda_familiar,,,
tb_dim_tipo_saida_cadastro,,,
tb_dim_tipo_situacao_moradia,,,
tb_dim_tipo_tratamento_agua,,,
tb_dim_turno,,,
tb_dim_uf,co_dim_pais,tb_dim_pais,co_seq_dim_pais
tb_dim_unidade_saude,,,
tb_dim_via_administracao,,,
tb_dose_imunobiologico,,,
tb_encaminhamento,co_classificacao_risco_encam,tb_classificacao_risco_encam,co_classificacao_risco_encam
tb_encaminhamento,co_prontuario,tb_prontuario,co_seq_prontuario
tb_encaminhamento,co_cid10,tb_cid10,co_cid10
tb_encaminhamento,co_ciap,tb_ciap,co_seq_ciap
tb_encaminhamento,co_atend_prof,tb_atend_prof,co_seq_atend_prof
tb_encaminhamento,co_especialidade_sisreg,tb_especialidade_sisreg,co_especialidade_sisreg
tb_envio_log,,,
tb_equipe,co_unidade_saude,tb_unidade_saude,co_seq_unidade_saude
tb_equipe,tp_equipe,tb_tipo_equipe,co_seq_tipo_equipe
tb_escolaridade,,,
tb_especialidade_sisreg,tp_cds_conduta,tb_cds_tipo_conduta,co_cds_tipo_conduta
tb_especialidade_sisreg,tp_encam_odonto,tb_tipo_encam_odonto,co_tipo_encam_odonto
tb_especialidade_sisreg,co_cbo,tb_cbo,co_cbo
tb_especialidade_sisreg,co_grupo_especialidade,tb_grupo_especialidade,co_grupo_especialidade
tb_estado_civil,,,
tb_estrategia_vacinacao,,,
tb_etnia,,,
tb_evolucao_avaliacao,co_atend_prof,tb_atend_prof,co_seq_atend_prof
tb_evolucao_dente,st_face,tb_situacao_face,co_situacao_face
tb_evolucao_dente,st_raiz,tb_situacao_raiz,co_situacao_raiz
tb_evolucao_dente,st_coroa_centro,tb_situacao_coroa,co_situacao_coroa
tb_evolucao_dente,st_coroa_direita,tb_situacao_coroa,co_situacao_coroa
tb_evolucao_dente,co_odontograma,tb_odontograma,co_seq_odontograma
tb_evolucao_dente,st_coroa_esquerda,tb_situacao_coroa,co_situacao_coroa
tb_evolucao_dente,st_coroa_baixo,tb_situacao_coroa,co_situacao_coroa
tb_evolucao_dente,co_dente,tb_dente,co_parte_bucal
tb_evolucao_dente,st_coroa_cima,tb_situacao_coroa,co_situacao_coroa
tb_evolucao_objetivo,co_atend_prof,tb_atend_prof,co_seq_atend_prof
tb_evolucao_odonto,tp_parte_bucal,tb_tipo_parte_bucal,co_tipo_parte_bucal
tb_evolucao_odonto,co_prontuario,tb_prontuario,co_seq_prontuario
tb_evolucao_odonto,co_atend_prof_odonto,tb_atend_prof_odonto,co_atend_prof_odonto
tb_evolucao_plano,co_atend_prof,tb_atend_prof,co_seq_atend_prof
tb_evolucao_subjetivo,co_atend_prof,tb_atend_prof,co_seq_atend_prof
tb_exame_detalhe,tp_opcao,tb_tipo_opcao,co_tipo_opcao
tb_exame_detalhe_resultado,co_proced_exame_detalhe,rl_proced_exame_detalhe,co_seq_proced_exame_detalhe
tb_exame_detalhe_resultado,tp_resultado,tb_tipo_opcao,co_tipo_opcao
tb_exame_detalhe_resultado,co_exame_requisitado,tb_exame_requisitado,co_seq_exame_requisitado
tb_exame_hemoglobina_glicada,co_exame_requisitado,tb_exame_requisitado,co_seq_exame_requisitado
tb_exame_prenatal,co_exame_requisitado,tb_exame_requisitado,co_seq_exame_requisitado
tb_exame_puericultura,co_exame_requisitado,tb_exame_requisitado,co_seq_exame_requisitado
tb_exame_puericultura,co_exame,tb_ficha_zika_tipo_exame,co_ficha_zika_tipo_exame
tb_exame_requisitado,co_proced,tb_proced,co_seq_proced
tb_exame_requisitado,co_prontuario,tb_prontuario,co_seq_prontuario
tb_exame_requisitado,co_proced_exame_especifico,tb_proced_exame_especifico,co_proced_exame_especifico
tb_exame_requisitado,co_atend_prof_resultado,tb_atend_prof,co_seq_atend_prof
tb_exame_requisitado,co_atend_prof,tb_atend_prof,co_seq_atend_prof
tb_exame_requisitado,co_requisicao_exame,tb_requisicao_exame,co_seq_requisicao_exame
tb_faixa_etaria_vacinacao,,,
tb_familia,co_cds_domicilio,tb_cds_domicilio,co_seq_cds_domicilio
tb_fat_atd_ind_encaminhamentos,co_dim_municipio,tb_dim_municipio,co_seq_dim_municipio
tb_fat_atd_ind_encaminhamentos,co_dim_classificacao_risc_enc,tb_dim_classificacao_risc_enc,co_seq_dim_classific_risc_enc
tb_fat_atd_ind_encaminhamentos,co_dim_profissional_2,tb_dim_profissional,co_seq_dim_profissional
tb_fat_atd_ind_encaminhamentos,co_dim_tempo,tb_dim_tempo,co_seq_dim_tempo
tb_fat_atd_ind_encaminhamentos,co_dim_tipo_origem_dado_transp,tb_dim_tipo_origem_dado_transp,co_seq_dim_tp_orgm_dado_transp
tb_fat_atd_ind_encaminhamentos,co_dim_profissional_1,tb_dim_profissional,co_seq_dim_profissional
tb_fat_atd_ind_encaminhamentos,co_dim_tipo_ficha,tb_dim_tipo_ficha,co_seq_dim_tipo_ficha
tb_fat_atd_ind_encaminhamentos,co_dim_cbo_2,tb_dim_cbo,co_seq_dim_cbo
tb_fat_atd_ind_encaminhamentos,co_dim_unidade_saude_2,tb_dim_unidade_saude,co_seq_dim_unidade_saude
tb_fat_atd_ind_encaminhamentos,co_fat_cidadao_pec,tb_fat_cidadao_pec,co_seq_fat_cidadao_pec
tb_fat_atd_ind_encaminhamentos,co_dim_equipe_1,tb_dim_equipe,co_seq_dim_equipe
tb_fat_atd_ind_encaminhamentos,co_dim_equipe_2,tb_dim_equipe,co_seq_dim_equipe
tb_fat_atd_ind_encaminhamentos,co_dim_unidade_saude_1,tb_dim_unidade_saude,co_seq_dim_unidade_saude
tb_fat_atd_ind_encaminhamentos,co_dim_cbo_1,tb_dim_cbo,co_seq_dim_cbo
tb_fat_atd_ind_encaminhamentos,co_dim_especialidade,tb_dim_especialidade,co_seq_dim_especialidade
tb_fat_atd_ind_encaminhamentos,co_dim_cds_tipo_origem,tb_dim_tipo_origem,co_seq_dim_tipo_origem
tb_fat_atd_ind_medicamentos,co_dim_catmat,tb_dim_catmat,co_seq_dim_catmat
tb_fat_atd_ind_medicamentos,co_fat_cidadao_pec,tb_fat_cidadao_pec,co_seq_fat_cidadao_pec
tb_fat_atd_ind_medicamentos,co_dim_via_administracao,tb_dim_via_administracao,co_seq_dim_via_administracao
tb_fat_atd_ind_medicamentos,co_dim_profissional_1,tb_dim_profissional,co_seq_dim_profissional
tb_fat_atd_ind_medicamentos,co_dim_tipo_origem_dado_transp,tb_dim_tipo_origem_dado_transp,co_seq_dim_tp_orgm_dado_transp
tb_fat_atd_ind_medicamentos,co_dim_dose_frequencia,tb_dim_dose_frequencia,co_seq_dim_dose_frequencia
tb_fat_atd_ind_medicamentos,co_dim_equipe_1,tb_dim_equipe,co_seq_dim_equipe
tb_fat_atd_ind_medicamentos,co_dim_tipo_ficha,tb_dim_tipo_ficha,co_seq_dim_tipo_ficha
tb_fat_atd_ind_medicamentos,co_dim_unidade_saude_2,tb_dim_unidade_saude,co_seq_dim_unidade_saude
tb_fat_atd_ind_medicamentos,co_dim_cbo_2,tb_dim_cbo,co_seq_dim_cbo
tb_fat_atd_ind_medicamentos,co_dim_municipio,tb_dim_municipio,co_seq_dim_municipio
tb_fat_atd_ind_medicamentos,co_dim_equipe_2,tb_dim_equipe,co_seq_dim_equipe
tb_fat_atd_ind_medicamentos,co_dim_cds_tipo_origem,tb_dim_tipo_origem,co_seq_dim_tipo_origem
tb_fat_atd_ind_medicamentos,co_dim_tempo,tb_dim_tempo,co_seq_dim_tempo
tb_fat_atd_ind_medicamentos,co_dim_profissional_2,tb_dim_profissional,co_seq_dim_profissional
tb_fat_atd_ind_medicamentos,co_dim_duracao_tratamento_med,tb_dim_duracao_tratamento_med,co_seq_dim_duracao_trat_med
tb_fat_atd_ind_medicamentos,co_dim_dose_frequencia_medida,tb_dim_dose_frequencia_medida,co_seq_dim_dose_frequencia_med
tb_fat_atd_ind_medicamentos,co_dim_unidade_saude_1,tb_dim_unidade_saude,co_seq_dim_unidade_saude
tb_fat_atd_ind_medicamentos,co_dim_cbo_1,tb_dim_cbo,co_seq_dim_cbo
tb_fat_atd_ind_problemas,co_dim_profissional_1,tb_dim_profissional,co_seq_dim_profissional
tb_fat_atd_ind_problemas,co_dim_equipe_2,tb_dim_equipe,co_seq_dim_equipe
tb_fat_atd_ind_problemas,co_dim_ciap,tb_dim_ciap,co_seq_dim_ciap
tb_fat_atd_ind_problemas,co_dim_cid,tb_dim_cid,co_seq_dim_cid
tb_fat_atd_ind_problemas,co_dim_unidade_saude_1,tb_dim_unidade_saude,co_seq_dim_unidade_saude
tb_fat_atd_ind_problemas,co_dim_unidade_saude_2,tb_dim_unidade_saude,co_seq_dim_unidade_saude
tb_fat_atd_ind_problemas,co_dim_cds_tipo_origem,tb_dim_tipo_origem,co_seq_dim_tipo_origem
tb_fat_atd_ind_problemas,co_dim_equipe_1,tb_dim_equipe,co_seq_dim_equipe
tb_fat_atd_ind_problemas,co_fat_cidadao_pec,tb_fat_cidadao_pec,co_seq_fat_cidadao_pec
tb_fat_atd_ind_problemas,co_dim_tempo,tb_dim_tempo,co_seq_dim_tempo
tb_fat_atd_ind_problemas,co_dim_profissional_2,tb_dim_profissional,co_seq_dim_profissional
tb_fat_atd_ind_problemas,co_dim_cbo_1,tb_dim_cbo,co_seq_dim_cbo
tb_fat_atd_ind_problemas,co_dim_cbo_2,tb_dim_cbo,co_seq_dim_cbo
tb_fat_atd_ind_problemas,co_dim_tipo_origem_dado_transp,tb_dim_tipo_origem_dado_transp,co_seq_dim_tp_orgm_dado_transp
tb_fat_atd_ind_problemas,co_dim_municipio,tb_dim_municipio,co_seq_dim_municipio
tb_fat_atd_ind_problemas,co_dim_tipo_ficha,tb_dim_tipo_ficha,co_seq_dim_tipo_ficha
tb_fat_atd_ind_procedimentos,co_dim_cbo_2,tb_dim_cbo,co_seq_dim_cbo
tb_fat_atd_ind_procedimentos,co_dim_unidade_saude_1,tb_dim_unidade_saude,co_seq_dim_unidade_saude
tb_fat_atd_ind_procedimentos,co_dim_tempo,tb_dim_tempo,co_seq_dim_tempo
tb_fat_atd_ind_procedimentos,co_dim_cbo_1,tb_dim_cbo,co_seq_dim_cbo
tb_fat_atd_ind_procedimentos,co_dim_equipe_2,tb_dim_equipe,co_seq_dim_equipe
tb_fat_atd_ind_procedimentos,co_dim_equipe_1,tb_dim_equipe,co_seq_dim_equipe
tb_fat_atd_ind_procedimentos,co_dim_cds_tipo_origem,tb_dim_tipo_origem,co_seq_dim_tipo_origem
tb_fat_atd_ind_procedimentos,co_dim_unidade_saude_2,tb_dim_unidade_saude,co_seq_dim_unidade_saude
tb_fat_atd_ind_procedimentos,co_dim_tipo_ficha,tb_dim_tipo_ficha,co_seq_dim_tipo_ficha
tb_fat_atd_ind_procedimentos,co_dim_procedimento_avaliado,tb_dim_procedimento,co_seq_dim_procedimento
tb_fat_atd_ind_procedimentos,co_dim_tipo_origem_dado_transp,tb_dim_tipo_origem_dado_transp,co_seq_dim_tp_orgm_dado_transp
tb_fat_atd_ind_procedimentos,co_dim_profissional_1,tb_dim_profissional,co_seq_dim_profissional
tb_fat_atd_ind_procedimentos,co_fat_cidadao_pec,tb_fat_cidadao_pec,co_seq_fat_cidadao_pec
tb_fat_atd_ind_procedimentos,co_dim_profissional_2,tb_dim_profissional,co_seq_dim_profissional
tb_fat_atd_ind_procedimentos,co_dim_municipio,tb_dim_municipio,co_seq_dim_municipio
tb_fat_atd_ind_procedimentos,co_dim_procedimento_solicitado,tb_dim_procedimento,co_seq_dim_procedimento
tb_fat_atend_dom_condicao_aval,co_dim_turno,tb_dim_turno,co_seq_dim_turno
tb_fat_atend_dom_condicao_aval,co_dim_cid,tb_dim_cid,co_seq_dim_cid
tb_fat_atend_dom_condicao_aval,co_dim_tipo_origem_dado_transp,tb_dim_tipo_origem_dado_transp,co_seq_dim_tp_orgm_dado_transp
tb_fat_atend_dom_condicao_aval,co_dim_equipe_1,tb_dim_equipe,co_seq_dim_equipe
tb_fat_atend_dom_condicao_aval,co_dim_cbo_1,tb_dim_cbo,co_seq_dim_cbo
tb_fat_atend_dom_condicao_aval,co_dim_cbo_2,tb_dim_cbo,co_seq_dim_cbo
tb_fat_atend_dom_condicao_aval,co_dim_cds_tipo_origem,tb_dim_tipo_origem,co_seq_dim_tipo_origem
tb_fat_atend_dom_condicao_aval,co_dim_municipio,tb_dim_municipio,co_seq_dim_municipio
tb_fat_atend_dom_condicao_aval,co_dim_tipo_ficha,tb_dim_tipo_ficha,co_seq_dim_tipo_ficha
tb_fat_atend_dom_condicao_aval,co_dim_tempo,tb_dim_tempo,co_seq_dim_tempo
tb_fat_atend_dom_condicao_aval,co_dim_equipe_2,tb_dim_equipe,co_seq_dim_equipe
tb_fat_atend_dom_condicao_aval,co_dim_unidade_saude_1,tb_dim_unidade_saude,co_seq_dim_unidade_saude
tb_fat_atend_dom_condicao_aval,co_dim_unidade_saude_2,tb_dim_unidade_saude,co_seq_dim_unidade_saude
tb_fat_atend_dom_condicao_aval,co_dim_ciap,tb_dim_ciap,co_seq_dim_ciap
tb_fat_atend_dom_condicao_aval,co_dim_profissional_1,tb_dim_profissional,co_seq_dim_profissional
tb_fat_atend_dom_condicao_aval,co_dim_profissional_2,tb_dim_profissional,co_seq_dim_profissional
tb_fat_atend_dom_proced,co_dim_profissional_1,tb_dim_profissional,co_seq_dim_profissional
tb_fat_atend_dom_proced,co_dim_unidade_saude_1,tb_dim_unidade_saude,co_seq_dim_unidade_saude
tb_fat_atend_dom_proced,co_dim_unidade_saude_2,tb_dim_unidade_saude,co_seq_dim_unidade_saude
tb_fat_atend_dom_proced,co_dim_tempo,tb_dim_tempo,co_seq_dim_tempo
tb_fat_atend_dom_proced,co_dim_profissional_2,tb_dim_profissional,co_seq_dim_profissional
tb_fat_atend_dom_proced,co_dim_equipe_2,tb_dim_equipe,co_seq_dim_equipe
tb_fat_atend_dom_proced,co_dim_procedimento,tb_dim_procedimento,co_seq_dim_procedimento
tb_fat_atend_dom_proced,co_dim_tipo_origem_dado_transp,tb_dim_tipo_origem_dado_transp,co_seq_dim_tp_orgm_dado_transp
tb_fat_atend_dom_proced,co_dim_turno,tb_dim_turno,co_seq_dim_turno
tb_fat_atend_dom_proced,co_dim_equipe_1,tb_dim_equipe,co_seq_dim_equipe
tb_fat_atend_dom_proced,co_dim_municipio,tb_dim_municipio,co_seq_dim_municipio
tb_fat_atend_dom_proced,co_dim_tipo_ficha,tb_dim_tipo_ficha,co_seq_dim_tipo_ficha
tb_fat_atend_dom_proced,co_dim_cbo_2,tb_dim_cbo,co_seq_dim_cbo
tb_fat_atend_dom_proced,co_dim_cbo_1,tb_dim_cbo,co_seq_dim_cbo
tb_fat_atend_dom_proced,co_dim_cds_tipo_origem,tb_dim_tipo_origem,co_seq_dim_tipo_origem
tb_fat_atend_odonto_encaminham,co_dim_equipe_2,tb_dim_equipe,co_seq_dim_equipe
tb_fat_atend_odonto_encaminham,co_dim_unidade_saude_1,tb_dim_unidade_saude,co_seq_dim_unidade_saude
tb_fat_atend_odonto_encaminham,co_dim_cbo_1,tb_dim_cbo,co_seq_dim_cbo
tb_fat_atend_odonto_encaminham,co_dim_tipo_ficha,tb_dim_tipo_ficha,co_seq_dim_tipo_ficha
tb_fat_atend_odonto_encaminham,co_dim_profissional_1,tb_dim_profissional,co_seq_dim_profissional
tb_fat_atend_odonto_encaminham,co_dim_tipo_origem_dado_transp,tb_dim_tipo_origem_dado_transp,co_seq_dim_tp_orgm_dado_transp
tb_fat_atend_odonto_encaminham,co_dim_tempo,tb_dim_tempo,co_seq_dim_tempo
tb_fat_atend_odonto_encaminham,co_dim_profissional_2,tb_dim_profissional,co_seq_dim_profissional
tb_fat_atend_odonto_encaminham,co_dim_municipio,tb_dim_municipio,co_seq_dim_municipio
tb_fat_atend_odonto_encaminham,co_dim_cds_tipo_origem,tb_dim_tipo_origem,co_seq_dim_tipo_origem
tb_fat_atend_odonto_encaminham,co_dim_especialidade,tb_dim_especialidade,co_seq_dim_especialidade
tb_fat_atend_odonto_encaminham,co_dim_classificacao_risc_enc,tb_dim_classificacao_risc_enc,co_seq_dim_classific_risc_enc
tb_fat_atend_odonto_encaminham,co_dim_cbo_2,tb_dim_cbo,co_seq_dim_cbo
tb_fat_atend_odonto_encaminham,co_dim_unidade_saude_2,tb_dim_unidade_saude,co_seq_dim_unidade_saude
tb_fat_atend_odonto_encaminham,co_fat_cidadao_pec,tb_fat_cidadao_pec,co_seq_fat_cidadao_pec
tb_fat_atend_odonto_encaminham,co_dim_equipe_1,tb_dim_equipe,co_seq_dim_equipe
tb_fat_atend_odonto_medicament,co_dim_tempo,tb_dim_tempo,co_seq_dim_tempo
tb_fat_atend_odonto_medicament,co_dim_dose_frequencia,tb_dim_dose_frequencia,co_seq_dim_dose_frequencia
tb_fat_atend_odonto_medicament,co_dim_cbo_2,tb_dim_cbo,co_seq_dim_cbo
tb_fat_atend_odonto_medicament,co_dim_catmat,tb_dim_catmat,co_seq_dim_catmat
tb_fat_atend_odonto_medicament,co_dim_unidade_saude_2,tb_dim_unidade_saude,co_seq_dim_unidade_saude
tb_fat_atend_odonto_medicament,co_fat_cidadao_pec,tb_fat_cidadao_pec,co_seq_fat_cidadao_pec
tb_fat_atend_odonto_medicament,co_dim_equipe_1,tb_dim_equipe,co_seq_dim_equipe
tb_fat_atend_odonto_medicament,co_dim_equipe_2,tb_dim_equipe,co_seq_dim_equipe
tb_fat_atend_odonto_medicament,co_dim_unidade_saude_1,tb_dim_unidade_saude,co_seq_dim_unidade_saude
tb_fat_atend_odonto_medicament,co_dim_via_administracao,tb_dim_via_administracao,co_seq_dim_via_administracao
tb_fat_atend_odonto_medicament,co_dim_cbo_1,tb_dim_cbo,co_seq_dim_cbo
tb_fat_atend_odonto_medicament,co_dim_tipo_ficha,tb_dim_tipo_ficha,co_seq_dim_tipo_ficha
tb_fat_atend_odonto_medicament,co_dim_tipo_origem_dado_transp,tb_dim_tipo_origem_dado_transp,co_seq_dim_tp_orgm_dado_transp
tb_fat_atend_odonto_medicament,co_dim_profissional_1,tb_dim_profissional,co_seq_dim_profissional
tb_fat_atend_odonto_medicament,co_dim_profissional_2,tb_dim_profissional,co_seq_dim_profissional
tb_fat_atend_odonto_medicament,co_dim_dose_frequencia_medida,tb_dim_dose_frequencia_medida,co_seq_dim_dose_frequencia_med
tb_fat_atend_odonto_medicament,co_dim_cds_tipo_origem,tb_dim_tipo_origem,co_seq_dim_tipo_origem
tb_fat_atend_odonto_medicament,co_dim_municipio,tb_dim_municipio,co_seq_dim_municipio
tb_fat_atend_odonto_medicament,co_dim_duracao_tratamento_med,tb_dim_duracao_tratamento_med,co_seq_dim_duracao_trat_med
tb_fat_atend_odonto_problemas,co_dim_tipo_ficha,tb_dim_tipo_ficha,co_seq_dim_tipo_ficha
tb_fat_atend_odonto_problemas,co_dim_equipe_2,tb_dim_equipe,co_seq_dim_equipe
tb_fat_atend_odonto_problemas,co_dim_cbo_2,tb_dim_cbo,co_seq_dim_cbo
tb_fat_atend_odonto_problemas,co_dim_cbo_1,tb_dim_cbo,co_seq_dim_cbo
tb_fat_atend_odonto_problemas,co_dim_cds_tipo_origem,tb_dim_tipo_origem,co_seq_dim_tipo_origem
tb_fat_atend_odonto_problemas,co_dim_tipo_origem_dado_transp,tb_dim_tipo_origem_dado_transp,co_seq_dim_tp_orgm_dado_transp
tb_fat_atend_odonto_problemas,co_dim_cid,tb_dim_cid,co_seq_dim_cid
tb_fat_atend_odonto_problemas,co_dim_municipio,tb_dim_municipio,co_seq_dim_municipio
tb_fat_atend_odonto_problemas,co_dim_profissional_1,tb_dim_profissional,co_seq_dim_profissional
tb_fat_atend_odonto_problemas,co_dim_profissional_2,tb_dim_profissional,co_seq_dim_profissional
tb_fat_atend_odonto_problemas,co_dim_unidade_saude_2,tb_dim_unidade_saude,co_seq_dim_unidade_saude
tb_fat_atend_odonto_problemas,co_dim_unidade_saude_1,tb_dim_unidade_saude,co_seq_dim_unidade_saude
tb_fat_atend_odonto_problemas,co_dim_tempo,tb_dim_tempo,co_seq_dim_tempo
tb_fat_atend_odonto_problemas,co_dim_equipe_1,tb_dim_equipe,co_seq_dim_equipe
tb_fat_atend_odonto_problemas,co_fat_cidadao_pec,tb_fat_cidadao_pec,co_seq_fat_cidadao_pec
tb_fat_atend_odonto_problemas,co_dim_ciap,tb_dim_ciap,co_seq_dim_ciap
tb_fat_atend_odonto_proced,co_dim_cds_tipo_origem,tb_dim_tipo_origem,co_seq_dim_tipo_origem
tb_fat_atend_odonto_proced,co_dim_equipe_1,tb_dim_equipe,co_seq_dim_equipe
tb_fat_atend_odonto_proced,co_dim_equipe_2,tb_dim_equipe,co_seq_dim_equipe
tb_fat_atend_odonto_proced,co_dim_cbo_2,tb_dim_cbo,co_seq_dim_cbo
tb_fat_atend_odonto_proced,co_dim_cbo_1,tb_dim_cbo,co_seq_dim_cbo
tb_fat_atend_odonto_proced,co_dim_municipio,tb_dim_municipio,co_seq_dim_municipio
tb_fat_atend_odonto_proced,co_dim_procedimento,tb_dim_procedimento,co_seq_dim_procedimento
tb_fat_atend_odonto_proced,co_dim_profissional_1,tb_dim_profissional,co_seq_dim_profissional
tb_fat_atend_odonto_proced,co_dim_profissional_2,tb_dim_profissional,co_seq_dim_profissional
tb_fat_atend_odonto_proced,co_dim_tempo,tb_dim_tempo,co_seq_dim_tempo
tb_fat_atend_odonto_proced,co_dim_tipo_ficha,tb_dim_tipo_ficha,co_seq_dim_tipo_ficha
tb_fat_atend_odonto_proced,co_dim_unidade_saude_1,tb_dim_unidade_saude,co_seq_dim_unidade_saude
tb_fat_atend_odonto_proced,co_dim_unidade_saude_2,tb_dim_unidade_saude,co_seq_dim_unidade_saude
tb_fat_atend_odonto_proced,co_dim_tipo_origem_dado_transp,tb_dim_tipo_origem_dado_transp,co_seq_dim_tp_orgm_dado_transp
tb_fat_atend_odonto_proced,co_fat_cidadao_pec,tb_fat_cidadao_pec,co_seq_fat_cidadao_pec
tb_fat_atendimento_domiciliar,co_dim_sexo,tb_dim_sexo,co_seq_dim_sexo
tb_fat_atendimento_domiciliar,co_dim_profissional_1,tb_dim_profissional,co_seq_dim_profissional
tb_fat_atendimento_domiciliar,co_dim_tipo_origem_dado_transp,tb_dim_tipo_origem_dado_transp,co_seq_dim_tp_orgm_dado_transp
tb_fat_atendimento_domiciliar,co_dim_equipe_2,tb_dim_equipe,co_seq_dim_equipe
tb_fat_atendimento_domiciliar,co_fat_cidadao_pec,tb_fat_cidadao_pec,co_seq_fat_cidadao_pec
tb_fat_atendimento_domiciliar,co_dim_profissional_2,tb_dim_profissional,co_seq_dim_profissional
tb_fat_atendimento_domiciliar,co_dim_equipe_1,tb_dim_equipe,co_seq_dim_equipe
tb_fat_atendimento_domiciliar,co_dim_unidade_saude_2,tb_dim_unidade_saude,co_seq_dim_unidade_saude
tb_fat_atendimento_domiciliar,co_dim_municipio,tb_dim_municipio,co_seq_dim_municipio
tb_fat_atendimento_domiciliar,co_dim_cbo_2,tb_dim_cbo,co_seq_dim_cbo
tb_fat_atendimento_domiciliar,co_dim_modalidade_ad,tb_dim_modalidade_ad,co_seq_dim_modalidade_ad
tb_fat_atendimento_domiciliar,co_dim_cds_tipo_origem,tb_dim_tipo_origem,co_seq_dim_tipo_origem
tb_fat_atendimento_domiciliar,co_dim_tipo_ficha,tb_dim_tipo_ficha,co_seq_dim_tipo_ficha
tb_fat_atendimento_domiciliar,co_dim_faixa_etaria,tb_dim_faixa_etaria,co_seq_dim_faixa_etaria
tb_fat_atendimento_domiciliar,co_dim_conduta_ad,tb_dim_conduta_ad,co_seq_dim_conduta_ad
tb_fat_atendimento_domiciliar,co_dim_unidade_saude_1,tb_dim_unidade_saude,co_seq_dim_unidade_saude
tb_fat_atendimento_domiciliar,co_dim_cbo_1,tb_dim_cbo,co_seq_dim_cbo
tb_fat_atendimento_domiciliar,co_dim_local_atendimento,tb_dim_local_atendimento,co_seq_dim_local_atendimento
tb_fat_atendimento_domiciliar,co_dim_turno,tb_dim_turno,co_seq_dim_turno
tb_fat_atendimento_domiciliar,co_dim_tempo,tb_dim_tempo,co_seq_dim_tempo
tb_fat_atendimento_domiciliar,co_dim_tipo_atendimento,tb_dim_tipo_atendimento,co_seq_dim_tipo_atendimento
tb_fat_atendimento_individual,co_dim_local_atendimento,tb_dim_local_atendimento,co_seq_dim_local_atendimento
tb_fat_atendimento_individual,co_dim_turno,tb_dim_turno,co_seq_dim_turno
tb_fat_atendimento_individual,co_dim_cbo_1,tb_dim_cbo,co_seq_dim_cbo
tb_fat_atendimento_individual,co_dim_tipo_atendimento,tb_dim_tipo_atendimento,co_seq_dim_tipo_atendimento
tb_fat_atendimento_individual,co_dim_faixa_etaria,tb_dim_faixa_etaria,co_seq_dim_faixa_etaria
tb_fat_atendimento_individual,co_dim_racionalidade_saude,tb_dim_racionalidade_saude,co_seq_dim_racionalidade_saude
tb_fat_atendimento_individual,co_dim_unidade_saude_2,tb_dim_unidade_saude,co_seq_dim_unidade_saude
tb_fat_atendimento_individual,co_dim_unidade_saude_1,tb_dim_unidade_saude,co_seq_dim_unidade_saude
tb_fat_atendimento_individual,co_dim_tempo_dum,tb_dim_tempo,co_seq_dim_tempo
tb_fat_atendimento_individual,co_fat_cidadao_pec,tb_fat_cidadao_pec,co_seq_fat_cidadao_pec
tb_fat_atendimento_individual,co_dim_tempo,tb_dim_tempo,co_seq_dim_tempo
tb_fat_atendimento_individual,co_dim_equipe_1,tb_dim_equipe,co_seq_dim_equipe
tb_fat_atendimento_individual,co_dim_equipe_2,tb_dim_equipe,co_seq_dim_equipe
tb_fat_atendimento_individual,co_dim_tipo_ficha,tb_dim_tipo_ficha,co_seq_dim_tipo_ficha
tb_fat_atendimento_individual,co_dim_cbo_2,tb_dim_cbo,co_seq_dim_cbo
tb_fat_atendimento_individual,co_dim_sexo,tb_dim_sexo,co_seq_dim_sexo
tb_fat_atendimento_individual,co_dim_tipo_origem_dado_transp,tb_dim_tipo_origem_dado_transp,co_seq_dim_tp_orgm_dado_transp
tb_fat_atendimento_individual,co_dim_profissional_2,tb_dim_profissional,co_seq_dim_profissional
tb_fat_atendimento_individual,co_dim_profissional_1,tb_dim_profissional,co_seq_dim_profissional
tb_fat_atendimento_individual,co_dim_municipio,tb_dim_municipio,co_seq_dim_municipio
tb_fat_atendimento_individual,co_dim_modalidade_ad,tb_dim_modalidade_ad,co_seq_dim_modalidade_ad
tb_fat_atendimento_individual,co_dim_cds_tipo_origem,tb_dim_tipo_origem,co_seq_dim_tipo_origem
tb_fat_atendimento_individual,co_dim_aleitamento,tb_dim_aleitamento,co_seq_dim_aleitamento
tb_fat_atendimento_odonto,co_dim_tipo_atendimento,tb_dim_tipo_atendimento,co_seq_dim_tipo_atendimento
tb_fat_atendimento_odonto,co_dim_tempo,tb_dim_tempo,co_seq_dim_tempo
tb_fat_atendimento_odonto,co_dim_sexo,tb_dim_sexo,co_seq_dim_sexo
tb_fat_atendimento_odonto,co_dim_tipo_origem_dado_transp,tb_dim_tipo_origem_dado_transp,co_seq_dim_tp_orgm_dado_transp
tb_fat_atendimento_odonto,co_dim_tipo_consulta,tb_dim_tipo_consulta_odonto,co_seq_dim_tipo_cnsulta_odonto
tb_fat_atendimento_odonto,co_dim_equipe_1,tb_dim_equipe,co_seq_dim_equipe
tb_fat_atendimento_odonto,co_dim_equipe_2,tb_dim_equipe,co_seq_dim_equipe
tb_fat_atendimento_odonto,co_dim_unidade_saude_2,tb_dim_unidade_saude,co_seq_dim_unidade_saude
tb_fat_atendimento_odonto,co_dim_unidade_saude_1,tb_dim_unidade_saude,co_seq_dim_unidade_saude
tb_fat_atendimento_odonto,co_dim_faixa_etaria,tb_dim_faixa_etaria,co_seq_dim_faixa_etaria
tb_fat_atendimento_odonto,co_fat_cidadao_pec,tb_fat_cidadao_pec,co_seq_fat_cidadao_pec
tb_fat_atendimento_odonto,co_dim_turno,tb_dim_turno,co_seq_dim_turno
tb_fat_atendimento_odonto,co_dim_cds_tipo_origem,tb_dim_tipo_origem,co_seq_dim_tipo_origem
tb_fat_atendimento_odonto,co_dim_local_atendimento,tb_dim_local_atendimento,co_seq_dim_local_atendimento
tb_fat_atendimento_odonto,co_dim_municipio,tb_dim_municipio,co_seq_dim_municipio
tb_fat_atendimento_odonto,co_dim_cbo_2,tb_dim_cbo,co_seq_dim_cbo
tb_fat_atendimento_odonto,co_dim_cbo_1,tb_dim_cbo,co_seq_dim_cbo
tb_fat_atendimento_odonto,co_dim_tipo_ficha,tb_dim_tipo_ficha,co_seq_dim_tipo_ficha
tb_fat_atendimento_odonto,co_dim_profissional_1,tb_dim_profissional,co_seq_dim_profissional
tb_fat_atendimento_odonto,co_dim_profissional_2,tb_dim_profissional,co_seq_dim_profissional
tb_fat_atividade_coletiva,co_dim_tipo_atividade,tb_dim_tipo_atividade,co_seq_dim_tipo_atividade
tb_fat_atividade_coletiva,co_dim_cbo,tb_dim_cbo,co_seq_dim_cbo
tb_fat_atividade_coletiva,co_dim_unidade_saude,tb_dim_unidade_saude,co_seq_dim_unidade_saude
tb_fat_atividade_coletiva,co_dim_cds_tipo_origem,tb_dim_tipo_origem,co_seq_dim_tipo_origem
tb_fat_atividade_coletiva,co_dim_equipe,tb_dim_equipe,co_seq_dim_equipe
tb_fat_atividade_coletiva,co_dim_profissional,tb_dim_profissional,co_seq_dim_profissional
tb_fat_atividade_coletiva,co_dim_municipio,tb_dim_municipio,co_seq_dim_municipio
tb_fat_atividade_coletiva,co_dim_tipo_origem_dado_transp,tb_dim_tipo_origem_dado_transp,co_seq_dim_tp_orgm_dado_transp
tb_fat_atividade_coletiva,co_dim_tipo_ficha,tb_dim_tipo_ficha,co_seq_dim_tipo_ficha
tb_fat_atividade_coletiva,co_dim_procedimento,tb_dim_procedimento,co_seq_dim_procedimento
tb_fat_atividade_coletiva,co_dim_tempo,tb_dim_tempo,co_seq_dim_tempo
tb_fat_atividade_coletiva,co_dim_inep,tb_dim_inep,co_seq_dim_inep
tb_fat_atividade_coletiva,co_dim_turno,tb_dim_turno,co_seq_dim_turno
tb_fat_atividade_coletiva,co_dim_undd_sade_acdm_sade,tb_dim_unidade_saude,co_seq_dim_unidade_saude
tb_fat_atvdd_coletiva_ext,co_dim_equipe,tb_dim_equipe,co_seq_dim_equipe
tb_fat_atvdd_coletiva_ext,co_dim_tipo_atividade,tb_dim_tipo_atividade,co_seq_dim_tipo_atividade
tb_fat_atvdd_coletiva_ext,co_dim_municipio,tb_dim_municipio,co_seq_dim_municipio
tb_fat_atvdd_coletiva_ext,co_dim_tempo,tb_dim_tempo,co_seq_dim_tempo
tb_fat_atvdd_coletiva_ext,co_dim_cbo,tb_dim_cbo,co_seq_dim_cbo
tb_fat_atvdd_coletiva_ext,co_dim_unidade_saude,tb_dim_unidade_saude,co_seq_dim_unidade_saude
tb_fat_atvdd_coletiva_ext,co_dim_profissional,tb_dim_profissional,co_seq_dim_profissional
tb_fat_atvdd_coletiva_ext,co_dim_tipo_origem_dado_transp,tb_dim_tipo_origem_dado_transp,co_seq_dim_tp_orgm_dado_transp
tb_fat_atvdd_coletiva_ext,co_dim_turno,tb_dim_turno,co_seq_dim_turno
tb_fat_atvdd_coletiva_ext,co_dim_cds_tipo_origem,tb_dim_tipo_origem,co_seq_dim_tipo_origem
tb_fat_atvdd_coletiva_ext,co_dim_tipo_ficha,tb_dim_tipo_ficha,co_seq_dim_tipo_ficha
tb_fat_atvdd_coletiva_ext,co_dim_procedimento,tb_dim_procedimento,co_seq_dim_procedimento
tb_fat_atvdd_coletiva_int,co_dim_tipo_ficha,tb_dim_tipo_ficha,co_seq_dim_tipo_ficha
tb_fat_atvdd_coletiva_int,co_dim_cbo,tb_dim_cbo,co_seq_dim_cbo
tb_fat_atvdd_coletiva_int,co_dim_cds_tipo_origem,tb_dim_tipo_origem,co_seq_dim_tipo_origem
tb_fat_atvdd_coletiva_int,co_dim_turno,tb_dim_turno,co_seq_dim_turno
tb_fat_atvdd_coletiva_int,co_dim_tipo_atividade,tb_dim_tipo_atividade,co_seq_dim_tipo_atividade
tb_fat_atvdd_coletiva_int,co_dim_profissional,tb_dim_profissional,co_seq_dim_profissional
tb_fat_atvdd_coletiva_int,co_dim_equipe,tb_dim_equipe,co_seq_dim_equipe
tb_fat_atvdd_coletiva_int,co_dim_municipio,tb_dim_municipio,co_seq_dim_municipio
tb_fat_atvdd_coletiva_int,co_dim_unidade_saude,tb_dim_unidade_saude,co_seq_dim_unidade_saude
tb_fat_atvdd_coletiva_int,co_dim_tipo_origem_dado_transp,tb_dim_tipo_origem_dado_transp,co_seq_dim_tp_orgm_dado_transp
tb_fat_atvdd_coletiva_int,co_dim_tempo,tb_dim_tempo,co_seq_dim_tempo
tb_fat_atvdd_coletiva_part,co_dim_unidade_saude,tb_dim_unidade_saude,co_seq_dim_unidade_saude
tb_fat_atvdd_coletiva_part,co_dim_cbo,tb_dim_cbo,co_seq_dim_cbo
tb_fat_atvdd_coletiva_part,co_dim_profissional,tb_dim_profissional,co_seq_dim_profissional
tb_fat_atvdd_coletiva_part,co_dim_equipe,tb_dim_equipe,co_seq_dim_equipe
tb_fat_atvdd_coletiva_part,co_dim_municipio,tb_dim_municipio,co_seq_dim_municipio
tb_fat_atvdd_coletiva_part,co_dim_turno,tb_dim_turno,co_seq_dim_turno
tb_fat_atvdd_coletiva_part,co_dim_tipo_origem_dado_transp,tb_dim_tipo_origem_dado_transp,co_seq_dim_tp_orgm_dado_transp
tb_fat_atvdd_coletiva_part,co_dim_tipo_ficha,tb_dim_tipo_ficha,co_seq_dim_tipo_ficha
tb_fat_atvdd_coletiva_part,co_fat_cidadao_pec,tb_fat_cidadao_pec,co_seq_fat_cidadao_pec
tb_fat_atvdd_coletiva_part,co_dim_participante_sexo,tb_dim_sexo,co_seq_dim_sexo
tb_fat_atvdd_coletiva_part,co_dim_tempo,tb_dim_tempo,co_seq_dim_tempo
tb_fat_atvdd_coletiva_part,co_dim_cds_tipo_origem,tb_dim_tipo_origem,co_seq_dim_tipo_origem
tb_fat_atvdd_coletiva_part,co_dim_tipo_atividade,tb_dim_tipo_atividade,co_seq_dim_tipo_atividade
tb_fat_atvdd_coletiva_propart,co_dim_cds_tipo_origem,tb_dim_tipo_origem,co_seq_dim_tipo_origem
tb_fat_atvdd_coletiva_propart,co_dim_profissional,tb_dim_profissional,co_seq_dim_profissional
tb_fat_atvdd_coletiva_propart,co_dim_tipo_ficha,tb_dim_tipo_ficha,co_seq_dim_tipo_ficha
tb_fat_atvdd_coletiva_propart,co_dim_turno,tb_dim_turno,co_seq_dim_turno
tb_fat_atvdd_coletiva_propart,co_dim_municipio,tb_dim_municipio,co_seq_dim_municipio
tb_fat_atvdd_coletiva_propart,co_dim_tempo,tb_dim_tempo,co_seq_dim_tempo
tb_fat_atvdd_coletiva_propart,co_dim_cbo_participante,tb_dim_cbo,co_seq_dim_cbo
tb_fat_atvdd_coletiva_propart,co_dim_tipo_origem_dado_transp,tb_dim_tipo_origem_dado_transp,co_seq_dim_tp_orgm_dado_transp
tb_fat_atvdd_coletiva_propart,co_dim_cbo,tb_dim_cbo,co_seq_dim_cbo
tb_fat_atvdd_coletiva_propart,co_dim_unidade_saude,tb_dim_unidade_saude,co_seq_dim_unidade_saude
tb_fat_atvdd_coletiva_propart,co_dim_profssinal_participante,tb_dim_profissional,co_seq_dim_profissional
tb_fat_atvdd_coletiva_propart,co_dim_equipe,tb_dim_equipe,co_seq_dim_equipe
tb_fat_avaliacao_elegibilidade,co_dim_cuidador,tb_dim_cuidador,co_seq_dim_cuidador
tb_fat_avaliacao_elegibilidade,co_fat_cidadao_pec_cuidador,tb_fat_cidadao_pec,co_seq_fat_cidadao_pec
tb_fat_avaliacao_elegibilidade,co_fat_cidadao_pec,tb_fat_cidadao_pec,co_seq_fat_cidadao_pec
tb_fat_avaliacao_elegibilidade,co_dim_cbo_1,tb_dim_cbo,co_seq_dim_cbo
tb_fat_avaliacao_elegibilidade,co_dim_cbo_2,tb_dim_cbo,co_seq_dim_cbo
tb_fat_avaliacao_elegibilidade,co_dim_tipo_origem_dado_transp,tb_dim_tipo_origem_dado_transp,co_seq_dim_tp_orgm_dado_transp
tb_fat_avaliacao_elegibilidade,co_dim_unidade_saude_2,tb_dim_unidade_saude,co_seq_dim_unidade_saude
tb_fat_avaliacao_elegibilidade,co_dim_unidade_saude_1,tb_dim_unidade_saude,co_seq_dim_unidade_saude
tb_fat_avaliacao_elegibilidade,co_dim_turno,tb_dim_turno,co_seq_dim_turno
tb_fat_avaliacao_elegibilidade,co_dim_cds_tipo_origem,tb_dim_tipo_origem,co_seq_dim_tipo_origem
tb_fat_avaliacao_elegibilidade,co_dim_cid_principal,tb_dim_cid,co_seq_dim_cid
tb_fat_avaliacao_elegibilidade,co_dim_tipo_logradouro,tb_dim_tipo_logradouro,co_seq_dim_tipo_logradouro
tb_fat_avaliacao_elegibilidade,co_dim_tipo_ficha,tb_dim_tipo_ficha,co_seq_dim_tipo_ficha
tb_fat_avaliacao_elegibilidade,co_dim_tipo_elegibilidade,tb_dim_tipo_elegibilidade,co_seq_dim_tipo_elegibilidade
tb_fat_avaliacao_elegibilidade,co_dim_tempo,tb_dim_tempo,co_seq_dim_tempo
tb_fat_avaliacao_elegibilidade,co_dim_sexo,tb_dim_sexo,co_seq_dim_sexo
tb_fat_avaliacao_elegibilidade,co_dim_raca_cor,tb_dim_raca_cor,co_seq_dim_raca_cor
tb_fat_avaliacao_elegibilidade,co_dim_profissional_2,tb_dim_profissional,co_seq_dim_profissional
tb_fat_avaliacao_elegibilidade,co_dim_profissional_1,tb_dim_profissional,co_seq_dim_profissional
tb_fat_avaliacao_elegibilidade,co_dim_procedencia_origem,tb_dim_procedencia_origem,co_seq_dim_procedencia_origem
tb_fat_avaliacao_elegibilidade,co_dim_pais_nascimento,tb_dim_pais,co_seq_dim_pais
tb_fat_avaliacao_elegibilidade,co_dim_nacionalidade,tb_dim_nacionalidade,co_seq_dim_nacionalidade
tb_fat_avaliacao_elegibilidade,co_dim_municipio_residencia,tb_dim_municipio,co_seq_dim_municipio
tb_fat_avaliacao_elegibilidade,co_dim_municipio_cidadao,tb_dim_municipio,co_seq_dim_municipio
tb_fat_avaliacao_elegibilidade,co_dim_municipio,tb_dim_municipio,co_seq_dim_municipio
tb_fat_avaliacao_elegibilidade,co_dim_faixa_etaria,tb_dim_faixa_etaria,co_seq_dim_faixa_etaria
tb_fat_avaliacao_elegibilidade,co_dim_etnia,tb_dim_etnia,co_seq_dim_etnia
tb_fat_avaliacao_elegibilidade,co_dim_equipe_2,tb_dim_equipe,co_seq_dim_equipe
tb_fat_avaliacao_elegibilidade,co_dim_equipe_1,tb_dim_equipe,co_seq_dim_equipe
tb_fat_avaliacao_elegibilidade,co_dim_cid_sec_1,tb_dim_cid,co_seq_dim_cid
tb_fat_avaliacao_elegibilidade,co_dim_cid_sec_2,tb_dim_cid,co_seq_dim_cid
tb_fat_avaliacao_elegibilidade,co_dim_conclusao_modalidade_ad,tb_dim_modalidade_ad,co_seq_dim_modalidade_ad
tb_fat_cad_dom_familia,co_dim_tempo,tb_dim_tempo,co_seq_dim_tempo
tb_fat_cad_dom_familia,co_dim_profissional,tb_dim_profissional,co_seq_dim_profissional
tb_fat_cad_dom_familia,co_dim_tempo_validade,tb_dim_tempo,co_seq_dim_tempo
tb_fat_cad_dom_familia,co_dim_cbo,tb_dim_cbo,co_seq_dim_cbo
tb_fat_cad_dom_familia,co_dim_municipio,tb_dim_municipio,co_seq_dim_municipio
tb_fat_cad_dom_familia,co_fat_cidadao_pec,tb_fat_cidadao_pec,co_seq_fat_cidadao_pec
tb_fat_cad_dom_familia,co_dim_tempo_validade_recusa,tb_dim_tempo,co_seq_dim_tempo
tb_fat_cad_dom_familia,co_dim_equipe,tb_dim_equipe,co_seq_dim_equipe
tb_fat_cad_dom_familia,co_dim_unidade_saude,tb_dim_unidade_saude,co_seq_dim_unidade_saude
tb_fat_cad_dom_familia,co_dim_tipo_origem_dado_transp,tb_dim_tipo_origem_dado_transp,co_seq_dim_tp_orgm_dado_transp
tb_fat_cad_dom_familia,co_dim_tipo_ficha,tb_dim_tipo_ficha,co_seq_dim_tipo_ficha
tb_fat_cad_dom_familia,co_dim_tipo_renda_familiar,tb_dim_tipo_renda_familiar,co_seq_dim_tipo_renda_familiar
tb_fat_cad_dom_familia,co_dim_cds_tipo_origem,tb_dim_tipo_origem,co_seq_dim_tipo_origem
tb_fat_cad_domiciliar,co_dim_equipe,tb_dim_equipe,co_seq_dim_equipe
tb_fat_cad_domiciliar,co_dim_tipo_logradouro,tb_dim_tipo_logradouro,co_seq_dim_tipo_logradouro
tb_fat_cad_domiciliar,co_dim_tipo_material_parede,tb_dim_tipo_material_parede,co_seq_dim_tipo_material_pared
tb_fat_cad_domiciliar,co_dim_tempo_validade,tb_dim_tempo,co_seq_dim_tempo
tb_fat_cad_domiciliar,co_dim_tipo_domicilio,tb_dim_tipo_domicilio,co_seq_dim_tipo_domicilio
tb_fat_cad_domiciliar,co_dim_municipio,tb_dim_municipio,co_seq_dim_municipio
tb_fat_cad_domiciliar,co_dim_tipo_acesso_domicilio,tb_dim_tipo_acesso_domicilio,co_seq_dim_tipo_acesso_domicil
tb_fat_cad_domiciliar,co_dim_tipo_posse_terra,tb_dim_tipo_posse_terra,co_seq_dim_tipo_posse_terra
tb_fat_cad_domiciliar,co_dim_municipio_cidadao,tb_dim_municipio,co_seq_dim_municipio
tb_fat_cad_domiciliar,co_dim_tipo_escoamento_sanitar,tb_dim_tipo_escoamento_sanitar,co_seq_dim_tipo_escoamento_snt
tb_fat_cad_domiciliar,co_dim_tipo_situacao_moradia,tb_dim_tipo_situacao_moradia,co_seq_dim_tipo_situacao_morad
tb_fat_cad_domiciliar,co_dim_tipo_abastecimento_agua,tb_dim_tipo_abastecimento_agua,co_seq_dim_tipo_abastec_agua
tb_fat_cad_domiciliar,co_dim_tipo_tratamento_agua,tb_dim_tipo_tratamento_agua,co_seq_dim_tipo_tratament_agua
tb_fat_cad_domiciliar,co_dim_cds_tipo_origem,tb_dim_tipo_origem,co_seq_dim_tipo_origem
tb_fat_cad_domiciliar,co_dim_tempo_validade_recusa,tb_dim_tempo,co_seq_dim_tempo
tb_fat_cad_domiciliar,co_dim_tempo,tb_dim_tempo,co_seq_dim_tempo
tb_fat_cad_domiciliar,co_dim_profissional,tb_dim_profissional,co_seq_dim_profissional
tb_fat_cad_domiciliar,co_dim_unidade_saude,tb_dim_unidade_saude,co_seq_dim_unidade_saude
tb_fat_cad_domiciliar,co_dim_cbo,tb_dim_cbo,co_seq_dim_cbo
tb_fat_cad_domiciliar,co_dim_tipo_ficha,tb_dim_tipo_ficha,co_seq_dim_tipo_ficha
tb_fat_cad_domiciliar,co_dim_tipo_imovel,tb_dim_tipo_imovel,co_seq_dim_tipo_imovel
tb_fat_cad_domiciliar,co_dim_tipo_localizacao,tb_dim_tipo_localizacao,co_seq_dim_tipo_localizacao
tb_fat_cad_domiciliar,co_dim_tipo_origem_dado_transp,tb_dim_tipo_origem_dado_transp,co_seq_dim_tp_orgm_dado_transp
tb_fat_cad_domiciliar,co_dim_tipo_destino_lixo,tb_dim_tipo_destino_lixo,co_seq_dim_tipo_destino_lixo
tb_fat_cad_individual,co_dim_profissional,tb_dim_profissional,co_seq_dim_profissional
tb_fat_cad_individual,co_dim_tempo_morador_rua,tb_dim_tempo_morador_rua,co_seq_dim_tempo_morador_rua
tb_fat_cad_individual,co_dim_tipo_condicao_peso,tb_dim_tipo_condicao_peso,co_seq_dim_tipo_condicao_peso
tb_fat_cad_individual,co_dim_tipo_escolaridade,tb_dim_tipo_escolaridade,co_seq_dim_tipo_escolaridade
tb_fat_cad_individual,co_dim_pais_nascimento,tb_dim_pais,co_seq_dim_pais
tb_fat_cad_individual,co_dim_nacionalidade,tb_dim_nacionalidade,co_seq_dim_nacionalidade
tb_fat_cad_individual,co_dim_tipo_ficha,tb_dim_tipo_ficha,co_seq_dim_tipo_ficha
tb_fat_cad_individual,co_dim_tipo_origem_dado_transp,tb_dim_tipo_origem_dado_transp,co_seq_dim_tp_orgm_dado_transp
tb_fat_cad_individual,co_dim_municipio,tb_dim_municipio,co_seq_dim_municipio
tb_fat_cad_individual,co_dim_tipo_orientacao_sexual,tb_dim_tipo_orientacao_sexual,co_seq_dim_tipo_orientacao_sxl
tb_fat_cad_individual,co_dim_tipo_parentesco,tb_dim_tipo_parentesco,co_seq_dim_tipo_parentesco
tb_fat_cad_individual,co_dim_municipio_cidadao,tb_dim_municipio,co_seq_dim_municipio
tb_fat_cad_individual,co_dim_tipo_saida_cadastro,tb_dim_tipo_saida_cadastro,co_seq_dim_tipo_saida_cadastro
tb_fat_cad_individual,co_dim_cds_tipo_origem,tb_dim_tipo_origem,co_seq_dim_tipo_origem
tb_fat_cad_individual,co_dim_frequencia_alimentacao,tb_dim_frequencia_alimentacao,co_seq_dim_frequencia_aliment
tb_fat_cad_individual,co_dim_faixa_etaria,tb_dim_faixa_etaria,co_seq_dim_faixa_etaria
tb_fat_cad_individual,co_fat_cidadao_pec_responsvl,tb_fat_cidadao_pec,co_seq_fat_cidadao_pec
tb_fat_cad_individual,co_dim_unidade_saude,tb_dim_unidade_saude,co_seq_dim_unidade_saude
tb_fat_cad_individual,co_dim_identidade_genero,tb_dim_identidade_genero,co_seq_dim_identidade_genero
tb_fat_cad_individual,co_dim_etnia,tb_dim_etnia,co_seq_dim_etnia
tb_fat_cad_individual,co_fat_cidadao_pec,tb_fat_cidadao_pec,co_seq_fat_cidadao_pec
tb_fat_cad_individual,co_dim_cbo,tb_dim_cbo,co_seq_dim_cbo
tb_fat_cad_individual,co_dim_cbo_cidadao,tb_dim_cbo,co_seq_dim_cbo
tb_fat_cad_individual,co_dim_equipe,tb_dim_equipe,co_seq_dim_equipe
tb_fat_cad_individual,co_dim_sexo,tb_dim_sexo,co_seq_dim_sexo
tb_fat_cad_individual,co_dim_situacao_trabalho,tb_dim_situacao_trabalho,co_seq_dim_situacao_trabalho
tb_fat_cad_individual,co_dim_raca_cor,tb_dim_raca_cor,co_seq_dim_raca_cor
tb_fat_cad_individual,co_dim_tempo,tb_dim_tempo,co_seq_dim_tempo
tb_fat_cad_individual,co_dim_tempo_validade_recusa,tb_dim_tempo,co_seq_dim_tempo
tb_fat_cad_individual,co_dim_tempo_validade,tb_dim_tempo,co_seq_dim_tempo
tb_fat_cidadao,co_dim_tempo_validade,tb_dim_tempo,co_seq_dim_tempo
tb_fat_cidadao,co_dim_equipe,tb_dim_equipe,co_seq_dim_equipe
tb_fat_cidadao,co_dim_lnh_vldd_unidd_sad,tb_dim_tempo,co_seq_dim_tempo
tb_fat_cidadao,co_dim_linha_tempo_validade,tb_dim_tempo,co_seq_dim_tempo
tb_fat_cidadao,co_dim_tempo_valdd_equipe,tb_dim_tempo,co_seq_dim_tempo
tb_fat_cidadao,co_dim_tempo,tb_dim_tempo,co_seq_dim_tempo
tb_fat_cidadao,co_dim_unidade_saude,tb_dim_unidade_saude,co_seq_dim_unidade_saude
tb_fat_cidadao,co_dim_tempo_valdd_unidd_saud,tb_dim_tempo,co_seq_dim_tempo
tb_fat_cidadao,co_dim_tempo_valdd_municipio,tb_dim_tempo,co_seq_dim_tempo
tb_fat_cidadao,co_dim_municipio,tb_dim_municipio,co_seq_dim_municipio
tb_fat_cidadao,co_dim_linha_tempo_valdd_equp,tb_dim_tempo,co_seq_dim_tempo
tb_fat_cidadao,co_dim_linha_valdd_municipio,tb_dim_tempo,co_seq_dim_tempo
tb_fat_cidadao_pec,co_dim_sexo,tb_dim_sexo,co_seq_dim_sexo
tb_fat_cidadao_pec,co_dim_unidade_saude_vinc,tb_dim_unidade_saude,co_seq_dim_unidade_saude
tb_fat_cidadao_pec,co_dim_equipe_vinc,tb_dim_equipe,co_seq_dim_equipe
tb_fat_cidadao_pec,co_dim_identidade_genero,tb_dim_identidade_genero,co_seq_dim_identidade_genero
tb_fat_cidadao_territorio,co_dim_unidade_saude,tb_dim_unidade_saude,co_seq_dim_unidade_saude
tb_fat_cidadao_territorio,co_dim_equipe,tb_dim_equipe,co_seq_dim_equipe
tb_fat_cidadao_territorio,co_dim_municipio,tb_dim_municipio,co_seq_dim_municipio
tb_fat_cidadao_territorio,co_fat_cidadao_pec,tb_fat_cidadao_pec,co_seq_fat_cidadao_pec
tb_fat_cnslddo_ciddo_fai_cid,co_fat_cidadao_pec,tb_fat_cidadao_pec,co_seq_fat_cidadao_pec
tb_fat_complementar,co_dim_municipio,tb_dim_municipio,co_seq_dim_municipio
tb_fat_complementar,co_dim_tipo_origem_dado_transp,tb_dim_tipo_origem_dado_transp,co_seq_dim_tp_orgm_dado_transp
tb_fat_complementar,co_dim_equipe,tb_dim_equipe,co_seq_dim_equipe
tb_fat_complementar,co_dim_tempo,tb_dim_tempo,co_seq_dim_tempo
tb_fat_complementar,co_dim_unidade_saude,tb_dim_unidade_saude,co_seq_dim_unidade_saude
tb_fat_complementar,co_dim_cbo,tb_dim_cbo,co_seq_dim_cbo
tb_fat_complementar,co_dim_turno,tb_dim_turno,co_seq_dim_turno
tb_fat_complementar,co_dim_tipo_ficha,tb_dim_tipo_ficha,co_seq_dim_tipo_ficha
tb_fat_complementar,co_dim_cds_tipo_origem,tb_dim_tipo_origem,co_seq_dim_tipo_origem
tb_fat_complementar,co_fat_cidadao_pec_responsvl,tb_fat_cidadao_pec,co_seq_fat_cidadao_pec
tb_fat_complementar,co_fat_cidadao_pec,tb_fat_cidadao_pec,co_seq_fat_cidadao_pec
tb_fat_complementar,co_dim_profissional,tb_dim_profissional,co_seq_dim_profissional
tb_fat_consolidado_cidadao_fai,co_fat_cidadao_pec,tb_fat_cidadao_pec,co_seq_fat_cidadao_pec
tb_fat_consolidado_cidadao_fao,co_fat_cidadao_pec,tb_fat_cidadao_pec,co_seq_fat_cidadao_pec
tb_fat_consolidado_cidadao_fci,co_fat_cidadao_pec,tb_fat_cidadao_pec,co_seq_fat_cidadao_pec
tb_fat_consolidado_cidadao_fp,co_fat_cidadao_pec,tb_fat_cidadao_pec,co_seq_fat_cidadao_pec
tb_fat_consolidado_cidadao_fvd,co_fat_cidadao_pec,tb_fat_cidadao_pec,co_seq_fat_cidadao_pec
tb_fat_familia,co_dim_municipio,tb_dim_municipio,co_seq_dim_municipio
tb_fat_familia,co_dim_unidade_saude,tb_dim_unidade_saude,co_seq_dim_unidade_saude
tb_fat_familia,co_dim_equipe,tb_dim_equipe,co_seq_dim_equipe
tb_fat_familia,co_dim_tempo,tb_dim_tempo,co_seq_dim_tempo
tb_fat_familia,co_dim_tempo_validade,tb_dim_tempo,co_seq_dim_tempo
tb_fat_familia_territorio,co_dim_tempo_fcd,tb_dim_tempo,co_seq_dim_tempo
tb_fat_familia_territorio,co_fat_cidadao_pec,tb_fat_cidadao_pec,co_seq_fat_cidadao_pec
tb_fat_familia_territorio,co_fat_cidadao_territorio,tb_fat_cidadao_territorio,co_seq_fat_cidadao_territorio
tb_fat_familia_territorio,co_dim_equipe,tb_dim_equipe,co_seq_dim_equipe
tb_fat_familia_territorio,co_dim_unidade_saude,tb_dim_unidade_saude,co_seq_dim_unidade_saude
tb_fat_familia_territorio,co_dim_municipio,tb_dim_municipio,co_seq_dim_municipio
tb_fat_fichas,co_dim_cds_tipo_origem,tb_dim_tipo_origem,co_seq_dim_tipo_origem
tb_fat_fichas,co_dim_unidade_saude,tb_dim_unidade_saude,co_seq_dim_unidade_saude
tb_fat_fichas,co_dim_municipio,tb_dim_municipio,co_seq_dim_municipio
tb_fat_fichas,co_dim_tipo_origem_dado_transp,tb_dim_tipo_origem_dado_transp,co_seq_dim_tp_orgm_dado_transp
tb_fat_fichas,co_dim_tempo,tb_dim_tempo,co_seq_dim_tempo
tb_fat_fichas,co_dim_equipe,tb_dim_equipe,co_seq_dim_equipe
tb_fat_fichas,co_dim_tipo_ficha,tb_dim_tipo_ficha,co_seq_dim_tipo_ficha
tb_fat_marca_consumo_alimnt,co_dim_municipio,tb_dim_municipio,co_seq_dim_municipio
tb_fat_marca_consumo_alimnt,co_dim_tipo_origem_dado_transp,tb_dim_tipo_origem_dado_transp,co_seq_dim_tp_orgm_dado_transp
tb_fat_marca_consumo_alimnt,co_dim_cds_tipo_origem,tb_dim_tipo_origem,co_seq_dim_tipo_origem
tb_fat_marca_consumo_alimnt,co_fat_cidadao_pec,tb_fat_cidadao_pec,co_seq_fat_cidadao_pec
tb_fat_marca_consumo_alimnt,co_dim_cbo,tb_dim_cbo,co_seq_dim_cbo
tb_fat_marca_consumo_alimnt,co_dim_unidade_saude,tb_dim_unidade_saude,co_seq_dim_unidade_saude
tb_fat_marca_consumo_alimnt,co_dim_equipe,tb_dim_equipe,co_seq_dim_equipe
tb_fat_marca_consumo_alimnt,co_dim_tipo_ficha,tb_dim_tipo_ficha,co_seq_dim_tipo_ficha
tb_fat_marca_consumo_alimnt,co_dim_tempo,tb_dim_tempo,co_seq_dim_tempo
tb_fat_marca_consumo_alimnt,co_dim_faixa_etaria,tb_dim_faixa_etaria,co_seq_dim_faixa_etaria
tb_fat_marca_consumo_alimnt,co_dim_sexo,tb_dim_sexo,co_seq_dim_sexo
tb_fat_marca_consumo_alimnt,co_dim_profissional,tb_dim_profissional,co_seq_dim_profissional
tb_fat_marca_consumo_alimnt,co_dim_local_atendimento,tb_dim_local_atendimento,co_seq_dim_local_atendimento
tb_fat_proced_atend,co_dim_cbo,tb_dim_cbo,co_seq_dim_cbo
tb_fat_proced_atend,co_dim_turno,tb_dim_turno,co_seq_dim_turno
tb_fat_proced_atend,co_dim_equipe,tb_dim_equipe,co_seq_dim_equipe
tb_fat_proced_atend,co_dim_faixa_etaria,tb_dim_faixa_etaria,co_seq_dim_faixa_etaria
tb_fat_proced_atend,co_dim_local_atendimento,tb_dim_local_atendimento,co_seq_dim_local_atendimento
tb_fat_proced_atend,co_dim_municipio,tb_dim_municipio,co_seq_dim_municipio
tb_fat_proced_atend,co_dim_profissional,tb_dim_profissional,co_seq_dim_profissional
tb_fat_proced_atend,co_dim_sexo,tb_dim_sexo,co_seq_dim_sexo
tb_fat_proced_atend,co_dim_tempo,tb_dim_tempo,co_seq_dim_tempo
tb_fat_proced_atend,co_dim_tipo_ficha,tb_dim_tipo_ficha,co_seq_dim_tipo_ficha
tb_fat_proced_atend,co_fat_cidadao_pec,tb_fat_cidadao_pec,co_seq_fat_cidadao_pec
tb_fat_proced_atend,co_dim_cds_tipo_origem,tb_dim_tipo_origem,co_seq_dim_tipo_origem
tb_fat_proced_atend,co_dim_tipo_origem_dado_transp,tb_dim_tipo_origem_dado_transp,co_seq_dim_tp_orgm_dado_transp
tb_fat_proced_atend,co_dim_unidade_saude,tb_dim_unidade_saude,co_seq_dim_unidade_saude
tb_fat_proced_atend_proced,co_dim_local_atendimento,tb_dim_local_atendimento,co_seq_dim_local_atendimento
tb_fat_proced_atend_proced,co_dim_tempo,tb_dim_tempo,co_seq_dim_tempo
tb_fat_proced_atend_proced,co_dim_tipo_ficha,tb_dim_tipo_ficha,co_seq_dim_tipo_ficha
tb_fat_proced_atend_proced,co_dim_equipe,tb_dim_equipe,co_seq_dim_equipe
tb_fat_proced_atend_proced,co_dim_turno,tb_dim_turno,co_seq_dim_turno
tb_fat_proced_atend_proced,co_dim_profissional,tb_dim_profissional,co_seq_dim_profissional
tb_fat_proced_atend_proced,co_fat_cidadao_pec,tb_fat_cidadao_pec,co_seq_fat_cidadao_pec
tb_fat_proced_atend_proced,co_dim_procedimento,tb_dim_procedimento,co_seq_dim_procedimento
tb_fat_proced_atend_proced,co_dim_sexo,tb_dim_sexo,co_seq_dim_sexo
tb_fat_proced_atend_proced,co_dim_cbo,tb_dim_cbo,co_seq_dim_cbo
tb_fat_proced_atend_proced,co_dim_unidade_saude,tb_dim_unidade_saude,co_seq_dim_unidade_saude
tb_fat_proced_atend_proced,co_dim_municipio,tb_dim_municipio,co_seq_dim_municipio
tb_fat_proced_atend_proced,co_dim_cds_tipo_origem,tb_dim_tipo_origem,co_seq_dim_tipo_origem
tb_fat_proced_atend_proced,co_dim_tipo_origem_dado_transp,tb_dim_tipo_origem_dado_transp,co_seq_dim_tp_orgm_dado_transp
tb_fat_procedimento,co_dim_profissional,tb_dim_profissional,co_seq_dim_profissional
tb_fat_procedimento,co_dim_tipo_origem_dado_transp,tb_dim_tipo_origem_dado_transp,co_seq_dim_tp_orgm_dado_transp
tb_fat_procedimento,co_dim_equipe,tb_dim_equipe,co_seq_dim_equipe
tb_fat_procedimento,co_dim_cbo,tb_dim_cbo,co_seq_dim_cbo
tb_fat_procedimento,co_dim_tipo_ficha,tb_dim_tipo_ficha,co_seq_dim_tipo_ficha
tb_fat_procedimento,co_dim_tempo,tb_dim_tempo,co_seq_dim_tempo
tb_fat_procedimento,co_dim_cds_tipo_origem,tb_dim_tipo_origem,co_seq_dim_tipo_origem
tb_fat_procedimento,co_dim_municipio,tb_dim_municipio,co_seq_dim_municipio
tb_fat_procedimento,co_dim_unidade_saude,tb_dim_unidade_saude,co_seq_dim_unidade_saude
tb_fat_rel_op_crianca,co_fat_cidadao_pec,tb_fat_cidadao_pec,co_seq_fat_cidadao_pec
tb_fat_rel_op_gestante,co_fat_cidadao_pec,tb_fat_cidadao_pec,co_seq_fat_cidadao_pec
tb_fat_rel_op_risco_cardio,co_fat_cidadao_pec,tb_fat_cidadao_pec,co_seq_fat_cidadao_pec
tb_fat_vacinacao,co_dim_faixa_etaria,tb_dim_faixa_etaria,co_seq_dim_faixa_etaria
tb_fat_vacinacao,co_dim_municipio,tb_dim_municipio,co_seq_dim_municipio
tb_fat_vacinacao,co_dim_tipo_ficha,tb_dim_tipo_ficha,co_seq_dim_tipo_ficha
tb_fat_vacinacao,co_dim_equipe,tb_dim_equipe,co_seq_dim_equipe
tb_fat_vacinacao,co_dim_sexo,tb_dim_sexo,co_seq_dim_sexo
tb_fat_vacinacao,co_dim_cbo,tb_dim_cbo,co_seq_dim_cbo
tb_fat_vacinacao,co_dim_unidade_saude,tb_dim_unidade_saude,co_seq_dim_unidade_saude
tb_fat_vacinacao,co_fat_cidadao_pec,tb_fat_cidadao_pec,co_seq_fat_cidadao_pec
tb_fat_vacinacao,co_dim_cds_tipo_origem,tb_dim_tipo_origem,co_seq_dim_tipo_origem
tb_fat_vacinacao,co_dim_local_atendimento,tb_dim_local_atendimento,co_seq_dim_local_atendimento
tb_fat_vacinacao,co_dim_turno,tb_dim_turno,co_seq_dim_turno
tb_fat_vacinacao,co_dim_tempo,tb_dim_tempo,co_seq_dim_tempo
tb_fat_vacinacao,co_dim_profissional,tb_dim_profissional,co_seq_dim_profissional
tb_fat_vacinacao,co_dim_tipo_origem_dado_transp,tb_dim_tipo_origem_dado_transp,co_seq_dim_tp_orgm_dado_transp
tb_fat_vacinacao_vacina,co_dim_unidade_saude,tb_dim_unidade_saude,co_seq_dim_unidade_saude
tb_fat_vacinacao_vacina,co_dim_dose_imunobiologico,tb_dim_dose_imunobiologico,co_seq_dim_dose_imunobiologico
tb_fat_vacinacao_vacina,co_dim_estrategia_vacinacao,tb_dim_estrategia_vacinacao,co_seq_dim_estrategia_vacnacao
tb_fat_vacinacao_vacina,co_dim_imunobiologico,tb_dim_imunobiologico,co_seq_dim_imunobiologico
tb_fat_vacinacao_vacina,co_dim_municipio,tb_dim_municipio,co_seq_dim_municipio
tb_fat_vacinacao_vacina,co_dim_profissional,tb_dim_profissional,co_seq_dim_profissional
tb_fat_vacinacao_vacina,co_dim_tipo_origem_dado_transp,tb_dim_tipo_origem_dado_transp,co_seq_dim_tp_orgm_dado_transp
tb_fat_vacinacao_vacina,co_dim_tempo,tb_dim_tempo,co_seq_dim_tempo
tb_fat_vacinacao_vacina,co_dim_cds_tipo_origem,tb_dim_tipo_origem,co_seq_dim_tipo_origem
tb_fat_vacinacao_vacina,co_dim_cbo,tb_dim_cbo,co_seq_dim_cbo
tb_fat_vacinacao_vacina,co_dim_equipe,tb_dim_equipe,co_seq_dim_equipe
tb_fat_vacinacao_vacina,co_dim_tipo_ficha,tb_dim_tipo_ficha,co_seq_dim_tipo_ficha
tb_fat_visita_domiciliar,co_dim_desfecho_visita,tb_dim_desfecho_visita,co_seq_dim_desfecho_visita
tb_fat_visita_domiciliar,co_dim_faixa_etaria,tb_dim_faixa_etaria,co_seq_dim_faixa_etaria
tb_fat_visita_domiciliar,co_dim_tipo_ficha,tb_dim_tipo_ficha,co_seq_dim_tipo_ficha
tb_fat_visita_domiciliar,co_dim_cds_tipo_origem,tb_dim_tipo_origem,co_seq_dim_tipo_origem
tb_fat_visita_domiciliar,co_dim_unidade_saude,tb_dim_unidade_saude,co_seq_dim_unidade_saude
tb_fat_visita_domiciliar,co_dim_tipo_imovel,tb_dim_tipo_imovel,co_seq_dim_tipo_imovel
tb_fat_visita_domiciliar,co_dim_tipo_glicemia,tb_dim_tipo_glicemia,co_seq_dim_tipo_glicemia
tb_fat_visita_domiciliar,co_dim_tipo_origem_dado_transp,tb_dim_tipo_origem_dado_transp,co_seq_dim_tp_orgm_dado_transp
tb_fat_visita_domiciliar,co_fat_cidadao_pec,tb_fat_cidadao_pec,co_seq_fat_cidadao_pec
tb_fat_visita_domiciliar,co_dim_sexo,tb_dim_sexo,co_seq_dim_sexo
tb_fat_visita_domiciliar,co_dim_municipio,tb_dim_municipio,co_seq_dim_municipio
tb_fat_visita_domiciliar,co_dim_cbo,tb_dim_cbo,co_seq_dim_cbo
tb_fat_visita_domiciliar,co_dim_profissional,tb_dim_profissional,co_seq_dim_profissional
tb_fat_visita_domiciliar,co_dim_equipe,tb_dim_equipe,co_seq_dim_equipe
tb_fat_visita_domiciliar,co_dim_tempo,tb_dim_tempo,co_seq_dim_tempo
tb_fat_visita_domiciliar,co_dim_turno,tb_dim_turno,co_seq_dim_turno
tb_ficha_zika_tipo_exame,,,
tb_forma_farmaceutica,,,
tb_gestor_estadual,co_uf,tb_uf,co_uf
tb_gestor_estadual,co_ator_papel,tb_ator_papel,co_seq_ator_papel
tb_gestor_municipal,co_ator_papel,tb_ator_papel,co_seq_ator_papel
tb_gestor_municipal,co_localidade,tb_localidade,co_localidade
tb_gravidade,,,
tb_grupo_alvo_vacinacao,,,
tb_grupo_ativ_col,,,
tb_grupo_condicao_saude,,,
tb_grupo_especialidade,,,
tb_grupo_exame,co_localidade,tb_localidade,co_localidade
tb_historico_cabecalho,,,
tb_historico_unificacao,co_cidadao_grupo,tb_cidadao_grupo,co_seq_cidadao_grupo
tb_historico_unificacao,co_prof,tb_prof,co_seq_prof
tb_importacao_cnes,co_localidade,tb_localidade,co_localidade
tb_importacao_cnes,co_prof,tb_prof,co_seq_prof
tb_importacao_cnes,co_processo,tb_processo,co_seq_processo
tb_imunobiologico,co_classe_imunobiologico,tb_classe_imunobiologico,co_classe_imunobiologico
tb_imunobiologico_fabricante,,,
tb_imunobiologico_lote,co_imunobiologico,tb_imunobiologico,co_imunobiologico
tb_imunobiologico_lote,co_unidade_saude,tb_unidade_saude,co_seq_unidade_saude
tb_inep,co_localidade,tb_localidade,co_localidade
tb_integracao_horus,co_unidade_saude_padrao,tb_unidade_saude,co_seq_unidade_saude
tb_integracao_horus,co_unidade_saude,tb_unidade_saude,co_seq_unidade_saude
tb_justificativa_agenda,co_origem_justificativa,tb_origem,co_origem
tb_justificativa_agenda,co_agendamento,tb_agendado,co_seq_agendado
tb_justificativa_agenda,co_usuario,tb_usuario,co_seq_usuario
tb_justificativa_agenda,co_lotacao_justificativa,tb_lotacao,co_ator_papel
tb_justificativa_prontuario,co_usuario,tb_usuario,co_seq_usuario
tb_justificativa_prontuario,co_lotacao,tb_lotacao,co_ator_papel
tb_justificativa_prontuario,co_prontuario,tb_prontuario,co_seq_prontuario
tb_justificativa_status_ciddao,co_lotacao,tb_lotacao,co_ator_papel
tb_justificativa_status_ciddao,co_cidadao,tb_cidadao,co_seq_cidadao
tb_justificativa_status_ciddao,co_usuario,tb_usuario,co_seq_usuario
tb_lembrete,co_ultimo_lembrete_evolucao,tb_lembrete_evolucao,co_seq_lembrete_evolucao
tb_lembrete,co_atend_prof,tb_atend_prof,co_seq_atend_prof
tb_lembrete,co_prontuario,tb_prontuario,co_seq_prontuario
tb_lembrete_evolucao,co_visibilidade_lembrete,tb_visibilidade_lembrete,co_visibilidade_lembrete
tb_lembrete_evolucao,co_lotacao,tb_lotacao,co_ator_papel
tb_lembrete_evolucao,co_lembrete,tb_lembrete,co_seq_lembrete
tb_lista_medicamento,tp_receita,tb_tipo_receita,co_tipo_receita
tb_local_apl_vacina,,,
tb_local_atend,,,
tb_localidade,co_situacao_localidade,tb_situacao_localidade,co_situacao_localidade
tb_localidade,tp_localidade,tb_tipo_localidade,co_tipo_localidade
tb_localidade,co_uf,tb_uf,co_uf
tb_logradouro,co_titulo_patente,tb_titulo_patente,co_titulo_patente
tb_logradouro,tp_paridade,tb_tipo_paridade,co_tipo_paridade
tb_logradouro,tp_logradouro,tb_tipo_logradouro,co_tipo_logradouro
tb_logradouro,co_bairro_dne,tb_bairro,nu_dne
tb_lotacao,co_equipe,tb_equipe,co_seq_equipe
tb_lotacao,co_unidade_saude,tb_unidade_saude,co_seq_unidade_saude
tb_lotacao,co_cbo,tb_cbo,co_cbo
tb_lotacao,co_prof,tb_prof,co_seq_prof
tb_lote_transp,,,
tb_lote_transp_historico_exprt,co_lote_transp,tb_lote_transp,co_seq_lote_transp
tb_lote_transp_item,co_lote_transp,tb_lote_transp,co_seq_lote_transp
tb_lote_transp_item,co_dado_transp,tb_dado_transp,co_seq_dado_transp
tb_lote_transp_item_nodo,co_lote_transp_item,tb_lote_transp_item,co_seq_lote_transp_item
tb_lote_transp_item_nodo,co_nodo,tb_nodo,co_nodo
tb_lote_transp_nodo,co_nodo,tb_nodo,co_nodo
tb_lote_transp_nodo,tp_situacao_lote_transp_nodo,tb_situacao_lote_transp_nodo,co_situacao_lote_transp_nodo
tb_lote_transp_nodo,co_lote_transp,tb_lote_transp,co_seq_lote_transp
tb_medicamento,co_forma_farmaceutica,tb_forma_farmaceutica,co_forma_farmaceutica
tb_medicamento_catmat,co_medicamento,tb_medicamento,co_seq_medicamento
tb_medicamento_catmat,co_unidade_fornecimento,tb_unidade_medida,co_unidade_medida
tb_medicamento_catmat,co_principio_ativo,tb_principio_ativo,co_principio_ativo
tb_medicamento_uso_continuo,co_medicamento,tb_medicamento,co_seq_medicamento
tb_medicamento_uso_continuo,co_ultima_receita_medicamento,tb_receita_medicamento,co_seq_receita_medicamento
tb_medicamento_uso_continuo,co_prontuario,tb_prontuario,co_seq_prontuario
tb_medicao,tp_glicemia,tb_tipo_glicemia,co_tipo_glicemia
tb_medicao,tp_gravidez,tb_tipo_gravidez,co_tipo_gravidez
tb_medicao,tp_parto,tb_tipo_parto,co_tipo_parto
tb_medicao,co_atend_prof,tb_atend_prof,co_seq_atend_prof
tb_memoria,,,
tb_mes,,,
tb_migracao,,,
tb_migracao_estrutura,,,
tb_migracao_trava,,,
tb_motivo_reserva,,,
tb_nacionalidade,,,
tb_neuro_alter_fenot,co_ultimo_alter_fenot_evolucao,tb_neuro_alter_fenot_evolucao,co_seq_neuro_alter_fenot_evol
tb_neuro_alter_fenot,co_alter_fenot_detalhe,tb_neuro_alter_fenot_detalhe,co_neuro_alter_fenot_detalhe
tb_neuro_alter_fenot,co_prontuario,tb_prontuario,co_seq_prontuario
tb_neuro_alter_fenot_detalhe,,,
tb_neuro_alter_fenot_evolucao,co_atend_prof,tb_atend_prof,co_seq_atend_prof
tb_neuro_alter_fenot_evolucao,co_alter_fenot_detalhe,tb_neuro_alter_fenot_detalhe,co_neuro_alter_fenot_detalhe
tb_neuro_faixa_etaria,,,
tb_neuro_fator_risco,co_prontuario,tb_prontuario,co_seq_prontuario
tb_neuro_fator_risco,co_ultimo_fator_risco_evolucao,tb_neuro_fator_risco_evolucao,co_seq_neuro_fator_risco_evol
tb_neuro_fator_risco,co_fator_risco_detalhe,tb_neuro_fator_risco_detalhe,co_neuro_fator_risco_detalhe
tb_neuro_fator_risco_detalhe,,,
tb_neuro_fator_risco_evolucao,co_atend_prof,tb_atend_prof,co_seq_atend_prof
tb_neuro_fator_risco_evolucao,co_fator_risco_detalhe,tb_neuro_fator_risco_detalhe,co_neuro_fator_risco_detalhe
tb_neuro_marco,co_ultimo_marco_evolucao,tb_neuro_marco_evolucao,co_seq_neuro_marco_evolucao
tb_neuro_marco,co_prontuario,tb_prontuario,co_seq_prontuario
tb_neuro_marco,co_marco_detalhe,tb_neuro_marco_detalhe,co_neuro_marco_detalhe
tb_neuro_marco_detalhe,co_faixa_etaria,tb_neuro_faixa_etaria,co_neuro_faixa_etaria
tb_neuro_marco_evolucao,co_atend_prof,tb_atend_prof,co_seq_atend_prof
tb_neuro_marco_evolucao,co_marco_detalhe,tb_neuro_marco_detalhe,co_neuro_marco_detalhe
tb_nodo,,,
tb_odontograma,co_prontuario,tb_prontuario,co_seq_prontuario
tb_odontograma,co_atend_prof_odonto,tb_atend_prof_odonto,co_atend_prof_odonto
tb_orientacao,co_prontuario,tb_prontuario,co_seq_prontuario
tb_orientacao,co_atend_prof,tb_atend_prof,co_seq_atend_prof
tb_origem,,,
tb_pais,,,
tb_parte_bucal,,,
tb_parte_bucal_proced,tp_parte_bucal,tb_tipo_parte_bucal,co_tipo_parte_bucal
tb_parte_bucal_proced,co_proced,tb_proced,co_seq_proced
tb_perfil,co_localidade,tb_localidade,co_localidade
tb_perfil_recurso,co_perfil,tb_perfil,co_seq_perfil
tb_pergunta,co_contexto_pergunta,tb_contexto_pergunta,co_contexto_pergunta
tb_pergunta,tp_pergunta,tb_tipo_pergunta,co_tipo_pergunta
tb_pergunta,co_pergunta_pai,tb_pergunta,co_seq_pergunta
tb_pergunta_detalhe,co_pergunta,tb_pergunta,co_seq_pergunta
tb_periodo,,,
tb_pessoa_fisica_imagem,co_cidadao,tb_cidadao,co_seq_cidadao
tb_povo_comunidade_tradicional,,,
tb_pre_natal,co_problema,tb_problema,co_seq_problema
tb_pre_natal,co_prontuario,tb_prontuario,co_seq_prontuario
tb_pre_natal,tp_gravidez,tb_tipo_gravidez,co_tipo_gravidez
tb_principio_ativo,co_lista_medicamento,tb_lista_medicamento,co_lista_medicamento
tb_problema,co_ultimo_problema_evolucao,tb_problema_evolucao,co_seq_problema_evolucao
tb_problema,co_prontuario,tb_prontuario,co_seq_prontuario
tb_problema,co_cid10,tb_cid10,co_cid10
tb_problema,co_ciap,tb_ciap,co_seq_ciap
tb_problema_evolucao,co_mes_inicio,tb_mes,co_mes
tb_problema_evolucao,co_atend_prof,tb_atend_prof,co_seq_atend_prof
tb_problema_evolucao,co_mes_fim,tb_mes,co_mes
tb_problema_evolucao,co_situacao_problema,tb_situacao_problema,co_situacao_problema
tb_proced,,,
tb_proced_automatico,co_cbo,rl_proced_cbo,co_cbo
tb_proced_automatico,co_proced,rl_proced_cbo,co_cbo
tb_proced_automatico,co_proced,rl_proced_cbo,co_proced
tb_proced_automatico,co_cbo,rl_proced_cbo,co_proced
tb_proced_exame_especifico,,,
tb_proced_filtro,co_proced,tb_proced,co_seq_proced
tb_proced_forma_organizacional,co_proced_grupo,tb_proced_grupo,co_proced_grupo
tb_proced_forma_organizacional,co_proced_subgrupo,tb_proced_subgrupo,co_proced_subgrupo
tb_proced_grupo,,,
tb_proced_nome_popular,co_proced,tb_proced,co_seq_proced
tb_proced_solicitado,co_lotacao_solicitante,tb_lotacao,co_ator_papel
tb_proced_solicitado,co_prontuario,tb_prontuario,co_seq_prontuario
tb_proced_solicitado,co_proced,tb_proced,co_seq_proced
tb_proced_solicitado,co_lotacao_executante,tb_lotacao,co_ator_papel
tb_proced_subgrupo,co_proced_grupo,tb_proced_grupo,co_proced_grupo
tb_processamento_dom_cid,co_dado_transp,tb_dado_transp,co_seq_dado_transp
tb_processamento_hist_cds,co_dado_transp,tb_dado_transp,co_seq_dado_transp
tb_processo,,,
tb_prof,tp_logradouro,tb_tipo_logradouro,co_tipo_logradouro
tb_prof,co_uf_emissora_conselho_classe,tb_uf,co_uf
tb_prof,co_usuario,tb_usuario,co_seq_usuario
tb_prof,co_localidade_endereco,tb_localidade,co_localidade
tb_prof,co_uf,tb_uf,co_uf
tb_prof,co_conselho_classe,tb_conselho_classe,co_conselho_classe
tb_prof_grupo_ativ_col,,,
tb_prontuario,co_cidadao,tb_cidadao,co_seq_cidadao
tb_prontuario_grupo_historico,co_prontuario,tb_prontuario,co_seq_prontuario
tb_prontuario_grupo_historico,co_prontuario_grupo,tb_prontuario,co_seq_prontuario
tb_prontuario_unidade_saude,co_unidade_saude,tb_unidade_saude,co_seq_unidade_saude
tb_qst_associacao_pergunta,co_qst_qst_pergunta_associacao,tb_qst_questionario_pergunta,co_qst_questionario_pergunta
tb_qst_associacao_pergunta,co_qst_questionario_pergunta,tb_qst_questionario_pergunta,co_qst_questionario_pergunta
tb_qst_associacao_pergunta,co_opcao_pergunta,tb_qst_opcao_pergunta,co_qst_opcao_pergunta
tb_qst_opcao_pergunta,co_qst_pergunta,tb_qst_pergunta,co_qst_pergunta
tb_qst_opcao_pergunta,co_qst_orientacao_prof,tb_qst_orientacao_prof,co_qst_orientacao_prof
tb_qst_opcao_pergunta,co_qst_opcao_tipo_pergunta,tb_qst_opcao_tipo_pergunta,co_qst_opcao_tipo_pergunta
tb_qst_opcao_tipo_pergunta,,,
tb_qst_orientacao_prof,,,
tb_qst_pergunta,tp_opcao_pergunta,tb_tipo_opcao,co_tipo_opcao
tb_qst_questionario,tp_qst_questionario,tb_qst_tipo_questionario,co_qst_tipo_questionario
tb_qst_questionario_pergunta,co_qst_questionario,tb_qst_questionario,co_qst_questionario
tb_qst_questionario_pergunta,co_qst_pergunta,tb_qst_pergunta,co_qst_pergunta
tb_qst_questionario_respondido,co_atend_prof,tb_atend_prof,co_seq_atend_prof
tb_qst_questionario_respondido,co_qst_questionario,tb_qst_questionario,co_qst_questionario
tb_qst_resposta,co_qst_opcao_pergunta,tb_qst_opcao_pergunta,co_qst_opcao_pergunta
tb_qst_resposta,tp_qst_resposta,tb_qst_tipo_resposta,co_qst_tipo_resposta
tb_qst_resposta,co_qst_questionario_respondido,tb_qst_questionario_respondido,co_seq_qst_qst_respondido
tb_qst_resposta,co_qst_questionario_pergunta,tb_qst_questionario_pergunta,co_qst_questionario_pergunta
tb_qst_tipo_questionario,,,
tb_qst_tipo_resposta,,,
tb_raca_cor,,,
tb_racionalidade_saude,,,
tb_recebimento_item,co_receb_lote,tb_recebimento_lote,co_seq_receb_lote
tb_recebimento_lote,,,
tb_recebimento_validacao_erros,,,
tb_receita_medicamento,tp_frequencia_dose,tb_receita_tipo_frequencia,co_receita_tipo_frequencia
tb_receita_medicamento,co_medicamento,tb_medicamento,co_seq_medicamento
tb_receita_medicamento,tp_un_medida_tempo_tratamento,tb_unidade_medida_tempo,co_unidade_medida_tempo
tb_receita_medicamento,co_aplicacao_medicamento,tb_aplicacao_medicamento,co_aplicacao_medicamento
tb_receita_medicamento,co_atend_prof,tb_atend_prof,co_seq_atend_prof
tb_receita_medicamento,tp_receita,tb_tipo_receita,co_tipo_receita
tb_receita_tipo_frequencia,,,
tb_recurso,,,
tb_registro_vacinacao,co_dose_imunobiologico,tb_dose_imunobiologico,co_dose_imunobiologico
tb_registro_vacinacao,co_tipo_registro_vacinacao,tb_tipo_registro_vacinacao,co_tipo_registro_vacinacao
tb_registro_vacinacao,co_estrategia_vacinacao,tb_estrategia_vacinacao,co_estrategia_vacinacao
tb_registro_vacinacao,co_imunobiologico,tb_imunobiologico,co_imunobiologico
tb_registro_vacinacao,co_imunobiologico_lote,tb_imunobiologico_lote,co_seq_imunobiologico_lote
tb_registro_vacinacao,co_local_apl_vacina,tb_local_apl_vacina,co_local_apl_vacina
tb_registro_vacinacao,co_vacinacao,tb_vacinacao,co_seq_vacinacao
tb_registro_vacinacao,co_via_adm_vacina,tb_via_adm_vacina,co_via_adm_vacina
tb_regra_vacinal_dose,co_sexo,tb_sexo,co_sexo
tb_regra_vacinal_dose,co_dose_imunobiologico,tb_dose_imunobiologico,co_dose_imunobiologico
tb_regra_vacinal_dose,co_imunobiologico,tb_imunobiologico,co_imunobiologico
tb_regra_vacinal_estrategia,co_faixa_etaria_vacinacao,tb_faixa_etaria_vacinacao,co_faixa_etaria_vacinacao
tb_regra_vacinal_estrategia,co_dose_imunobiologico,tb_dose_imunobiologico,co_dose_imunobiologico
tb_regra_vacinal_estrategia,co_estrategia_vacinacao,tb_estrategia_vacinacao,co_estrategia_vacinacao
tb_regra_vacinal_estrategia,co_imunobiologico,tb_imunobiologico,co_imunobiologico
tb_regra_vacinal_estrategia,co_proxima_regra_vacinal,tb_regra_vacinal_estrategia,co_regra_vacinal_estrategia
tb_rel_fichas_config,,,
tb_relatorio_processamento,co_dado_transp,tb_dado_transp,co_seq_dado_transp
tb_renda_familiar,,,
tb_report_etl_configs,,,
tb_requisicao_exame,co_cid10,tb_cid10,co_cid10
tb_requisicao_exame,co_atend_prof,tb_atend_prof,co_seq_atend_prof
tb_res_envio,co_atend_prof,tb_atend_prof,co_seq_atend_prof
tb_res_envio,co_res_envio_estado,tb_res_envio_estado,co_res_envio_estado
tb_res_envio_erros,co_res_envio,tb_res_envio,co_seq_res_envio
tb_res_envio_estado,,,
tb_revisao,,,
tb_servidor_smtp,,,
tb_sessao_sincronizacao,co_usuario,tb_usuario,co_seq_usuario
tb_sessao_sincronizacao,co_origem,tb_cds_tipo_origem,co_cds_tipo_origem
tb_sexo,,,
tb_sextante,co_parte_bucal,tb_parte_bucal,co_parte_bucal
tb_sextante,co_arcada,tb_arcada,co_parte_bucal
tb_sinan_notificacao,co_cid10_principal,tb_cid10,co_cid10
tb_sinan_notificacao_evolucao,co_prontuario,tb_prontuario,co_seq_prontuario
tb_sinan_notificacao_evolucao,co_atend_prof,tb_atend_prof,co_seq_atend_prof
tb_sinan_notificacao_evolucao,co_sinan_notificacao,tb_sinan_notificacao,co_sinan_notificacao
tb_situacao_agendado,,,
tb_situacao_coroa,,,
tb_situacao_dado_recebido,,,
tb_situacao_face,,,
tb_situacao_localidade,,,
tb_situacao_lote_transp_nodo,,,
tb_situacao_problema,,,
tb_situacao_raiz,,,
tb_status_atend,,,
tb_status_atend_prof,,,
tb_tipo_agendamento,,,
tb_tipo_agravo,,,
tb_tipo_atend,,,
tb_tipo_atend_prof,,,
tb_tipo_cfg_agenda,,,
tb_tipo_ciap,,,
tb_tipo_config_atend_domicilir,,,
tb_tipo_consulta_odonto,,,
tb_tipo_dado_transp,,,
tb_tipo_edema,,,
tb_tipo_encam_interno,,,
tb_tipo_encam_odonto,,,
tb_tipo_equipe,,,
tb_tipo_exame,co_sexo,tb_sexo,co_sexo
tb_tipo_fornec_odonto,,,
tb_tipo_glicemia,,,
tb_tipo_gravidez,,,
tb_tipo_localidade,,,
tb_tipo_logradouro,,,
tb_tipo_opcao,,,
tb_tipo_origem_dado_transp,,,
tb_tipo_paridade,,,
tb_tipo_parte_bucal,,,
tb_tipo_parto,,,
tb_tipo_pergunta,,,
tb_tipo_receita,,,
tb_tipo_registro,,,
tb_tipo_registro_vacinacao,,,
tb_tipo_servico,co_localidade,tb_localidade,co_localidade
tb_tipo_unidade_saude,,,
tb_titulo_patente,,,
tb_token_redefinicao_senha,co_usuario,tb_usuario,co_seq_usuario
tb_uf,co_pais,tb_pais,co_pais
tb_unidade_medida,,,
tb_unidade_medida_tempo,,,
tb_unidade_saude,tp_unidade_saude,tb_tipo_unidade_saude,co_seq_tipo_unidade_saude
tb_unidade_saude,co_uf,tb_uf,co_uf
tb_unidade_saude,co_localidade_endereco,tb_localidade,co_localidade
tb_unidade_saude,tp_logradouro,tb_tipo_logradouro,co_tipo_logradouro
tb_usuario,co_ator,tb_ator,co_seq_ator
tb_vacinacao,co_atend_prof,tb_atend_prof,co_seq_atend_prof
tb_vacinacao,co_prontuario,tb_prontuario,co_seq_prontuario
tb_via_adm_vacina,,,
tb_visibilidade_lembrete,,,
tl_acesso,,,
tl_ad_cidadao,,,
tl_ad_cidadao_historico,,,
tl_ad_questao,,,
tl_ad_resposta,,,
tl_ad_tipo_elegivel,,,
tl_ad_tipo_inelegivel,,,
tl_adm_geral,,,
tl_adm_municipal,,,
tl_adm_municipal_centralizador,,,
tl_agendado,,,
tl_alergia,,,
tl_alergia_evolucao,,,
tl_antecedente,,,
tl_antecedente_ciap,,,
tl_antecedente_historico,,,
tl_antecedente_item,,,
tl_antecedente_tipo_item,,,
tl_aplicacao_medicamento,,,
tl_arcada,,,
tl_atend,,,
tl_atend_proced,,,
tl_atend_prof,,,
tl_atend_prof_ad,,,
tl_atend_prof_ad_qst,,,
tl_atend_prof_ad_tipo_inelegvl,,,
tl_atend_prof_conduta,,,
tl_atend_prof_odonto,,,
tl_atend_prof_odonto_tipo_encm,,,
tl_atend_prof_odonto_tipo_frnc,,,
tl_atend_prof_pic,,,
tl_atend_prof_pre_natal,,,
tl_atend_prof_puericultura,,,
tl_atend_prof_tipo_encam_intrn,,,
tl_atend_tipo_servico,,,
tl_atestado,,,
tl_ativ_col_grupo,,,
tl_ator,,,
tl_ator_papel,,,
tl_ator_papel_perfil,,,
tl_atributo_complem,,,
tl_bairro,,,
tl_cbo_atend,,,
tl_cds_aleitamento_materno,,,
tl_cds_atend_dom_proced,,,
tl_cds_atend_dom_situacao_pres,,,
tl_cds_atend_domiciliar,,,
tl_cds_atend_individual,,,
tl_cds_atend_individual_ciap,,,
tl_cds_atend_individual_condut,,,
tl_cds_atend_individual_nasf,,,
tl_cds_atend_odont_tip_vig_buc,,,
tl_cds_atend_odonto,,,
tl_cds_atend_odonto_tipo_cnslt,,,
tl_cds_atend_odonto_tipo_encam,,,
tl_cds_atend_odonto_tipo_fornc,,,
tl_cds_ativ_col_participante,,,
tl_cds_ativ_col_pratica,,,
tl_cds_ativ_col_publico_alvo,,,
tl_cds_ativ_col_tema,,,
tl_cds_aval_eleg_ad_tipo_inelg,,,
tl_cds_aval_eleg_cds_situc_prs,,,
tl_cds_aval_elegibilidade,,,
tl_cds_cad_domiciliar,,,
tl_cds_cad_individual,,,
tl_cds_cidadao_resposta,,,
tl_cds_domicilio,,,
tl_cds_domicilio_familia,,,
tl_cds_domicilio_resposta,,,
tl_cds_ficha_atend_domiciliar,,,
tl_cds_ficha_atend_indivdl_prf,,,
tl_cds_ficha_atend_individual,,,
tl_cds_ficha_atend_odonto,,,
tl_cds_ficha_atend_odonto_prof,,,
tl_cds_ficha_ativ_col,,,
tl_cds_ficha_ativ_col_pratica,,,
tl_cds_ficha_ativ_col_prof,,,
tl_cds_ficha_ativ_col_pub_alvo,,,
tl_cds_ficha_ativ_col_tema,,,
tl_cds_ficha_consumo_alimentar,,,
tl_cds_ficha_proced,,,
tl_cds_ficha_vacinacao,,,
tl_cds_ficha_visita_domiciliar,,,
tl_cds_ficha_zika_microcefalia,,,
tl_cds_pic,,,
tl_cds_proced,,,
tl_cds_prof,,,
tl_cds_tipo_atend_nasf,,,
tl_cds_tipo_ativ_col,,,
tl_cds_tipo_conduta,,,
tl_cds_tipo_cuidador,,,
tl_cds_tipo_imovel,,,
tl_cds_tipo_situacao_presente,,,
tl_cds_tipo_vig_saude_bucal,,,
tl_cds_vacina,,,
tl_cds_vacinacao,,,
tl_cds_visita_dom_desfecho,,,
tl_cds_visita_dom_motivo,,,
tl_cds_visita_domiciliar,,,
tl_cfg_agenda_online_detalhe,,,
tl_ciap_cid10,,,
tl_cidadao,,,
tl_cidadao_grupo,,,
tl_cidadao_grupo_ativ_col,,,
tl_cidadao_nucleo_familiar,,,
tl_cidadao_vinculacao_equipe,,,
tl_cns,,,
tl_compartilhamento_prontuario,,,
tl_complexidade,,,
tl_config_agenda_detalhe,,,
tl_config_agenda_fechamento,,,
tl_config_atencao_domiciliar,,,
tl_config_atend_domiciliar,,,
tl_configperiodo_diasemana,,,
tl_configuracao_horario,,,
tl_contexto_pergunta,,,
tl_dente,,,
tl_encaminhamento,,,
tl_equipe,,,
tl_evol_aval_tp_vig_saude_bucl,,,
tl_evolucao_avaliacao,,,
tl_evolucao_avaliacao_ciap_cid,,,
tl_evolucao_dente,,,
tl_evolucao_objetivo,,,
tl_evolucao_odonto,,,
tl_evolucao_odonto_parte_bucal,,,
tl_evolucao_odonto_proced,,,
tl_evolucao_plano,,,
tl_evolucao_plano_ciap,,,
tl_evolucao_subjetivo,,,
tl_evolucao_subjetivo_ciap,,,
tl_exame_detalhe,,,
tl_exame_detalhe_resultado,,,
tl_exame_hemoglobina_glicada,,,
tl_exame_prenatal,,,
tl_exame_puericultura,,,
tl_exame_requisitado,,,
tl_familia,,,
tl_ficha_zika_tipo_exame,,,
tl_forma_farmaceutica,,,
tl_gestor_estadual,,,
tl_gestor_municipal,,,
tl_grupo_ativ_col,,,
tl_grupo_ativ_col_cidadao,,,
tl_grupo_ativ_col_prof,,,
tl_grupo_especialidade,,,
tl_imunobiologico_lote,,,
tl_integracao_horus,,,
tl_justificativa_agenda,,,
tl_justificativa_prontuario,,,
tl_justificativa_status_ciddao,,,
tl_lembrete,,,
tl_lembrete_evolucao,,,
tl_lista_medicamento,,,
tl_logradouro,,,
tl_lotacao,,,
tl_medicamento,,,
tl_medicamento_catmat,,,
tl_medicamento_uso_continuo,,,
tl_medicao,,,
tl_motivo_reserva,,,
tl_neuro_alter_fenot,,,
tl_neuro_alter_fenot_evolucao,,,
tl_neuro_fator_risco,,,
tl_neuro_fator_risco_evolucao,,,
tl_neuro_marco,,,
tl_neuro_marco_evolucao,,,
tl_odontograma,,,
tl_opcao_rapida_exame,,,
tl_orientacao,,,
tl_papel,,,
tl_parte_bucal,,,
tl_parte_bucal_proced,,,
tl_perfil,,,
tl_pergunta,,,
tl_pergunta_detalhe,,,
tl_pessoa_fisica_imagem,,,
tl_povo_comunidade_tradicional,,,
tl_pre_natal,,,
tl_principio_ativo,,,
tl_problema,,,
tl_problema_evolucao,,,
tl_proced_atributo_complem,,,
tl_proced_automatico,,,
tl_proced_cbo,,,
tl_proced_cds_proced,,,
tl_proced_cid10,,,
tl_proced_exame_detalhe,,,
tl_proced_exame_especifico,,,
tl_proced_nome_popular,,,
tl_proced_opcao_rapida_exame,,,
tl_proced_solicitado,,,
tl_proced_tipo_registro,,,
tl_prof,,,
tl_prof_grupo_ativ_col,,,
tl_prof_municipio,,,
tl_prontuario,,,
tl_prontuario_grupo_historico,,,
tl_prontuario_unidade_saude,,,
tl_qst_associacao_opcao_pergnt,,,
tl_qst_associacao_pergunta,,,
tl_qst_opcao_pergunta,,,
tl_qst_opcao_tipo_pergunta,,,
tl_qst_orientacao_prof,,,
tl_qst_pergunta,,,
tl_qst_questionario,,,
tl_qst_questionario_pergunta,,,
tl_qst_questionario_respondido,,,
tl_qst_resposta,,,
tl_qst_resposta_opcao_pergunta,,,
tl_receita,,,
tl_receita_medicamento,,,
tl_receita_tipo_frequencia,,,
tl_recurso,,,
tl_registro_vacinacao,,,
tl_renda_familiar,,,
tl_requisicao_exame,,,
tl_rl_cds_visita_dom_motivo,,,
tl_sextante,,,
tl_sinan_notificacao_evolucao,,,
tl_situacao_coroa,,,
tl_situacao_face,,,
tl_situacao_raiz,,,
tl_tipo_atend_proced_automatic,,,
tl_tipo_consulta_odnt_prc_auto,,,
tl_tipo_consulta_odonto,,,
tl_tipo_edema,,,
tl_tipo_encam_odonto,,,
tl_tipo_encam_odonto_procd_aut,,,
tl_tipo_exame,,,
tl_tipo_fornec_odonto,,,
tl_tipo_gravidez,,,
tl_tipo_localidade,,,
tl_tipo_parte_bucal,,,
tl_tipo_perfil,,,
tl_tipo_pergunta,,,
tl_tipo_registro,,,
tl_tipo_servico,,,
tl_titulo_patente,,,
tl_unidade_medida,,,
tl_unidade_medida_tempo,,,
tl_unidade_saude,,,
tl_unidade_saude_complexidade,,,
tl_unidade_saude_horus,,,
tl_unidade_saude_tipo_servico,,,
tl_usuario,,,
tl_vacinacao,,,
